page,name,rating,price
"https://www.flipkart.com/gaming/games/pr?sid=4rr,fa6&otracker=categorytree/",Fun Brick Game Set for Kids Freedom Edition with Game A...,3.7,₹280
"https://www.flipkart.com/gaming/games/pr?sid=4rr,fa6&otracker=categorytree/",98000 Game IN 1 Video Game Pad Built In TV LED Game Dir...,3.3,₹486
"https://www.flipkart.com/gaming/games/pr?sid=4rr,fa6&otracker=categorytree/",Grand Theft Auto V ROCKSTAR Download code only (No CD/D...,3.7,₹849
"https://www.flipkart.com/gaming/games/pr?sid=4rr,fa6&otracker=categorytree/", 108000 IN 1 Video Game Pad Built In TV Game Direct AV ...,3.4,₹494
"https://www.flipkart.com/gaming/games/pr?sid=4rr,fa6&otracker=categorytree/",Grand Theft Auto V Premium Edition PC Rockstar Download...,4.2,"₹1,149"
"https://www.flipkart.com/gaming/games/pr?sid=4rr,fa6&otracker=categorytree/",99000 in 1 Video Game Pad Built in TV Video Game Birthd...,3.2,₹499
"https://www.flipkart.com/gaming/games/pr?sid=4rr,fa6&otracker=categorytree/",Call of duty game ( for PC ) ( 1 DVD In The Box ) (stan...,4.4,₹290
"https://www.flipkart.com/gaming/games/pr?sid=4rr,fa6&otracker=categorytree/",Grand Theft Auto V,4.5,"₹1,815"
"https://www.flipkart.com/gaming/games/pr?sid=4rr,fa6&otracker=categorytree/",RedHoney 99000 in 1 Video Game Pad Built in TV Video Ga...,3.5,₹499
"https://www.flipkart.com/gaming/games/pr?sid=4rr,fa6&otracker=categorytree/",MINECRAFT BEDROCK EDITION (BEDROCK),4.2,"₹1,989"
"https://www.flipkart.com/gaming/games/pr?sid=4rr,fa6&otracker=categorytree/",Latest Kids PVP Video Game - PVP Video Game for Kids (P...,3.4,₹949
"https://www.flipkart.com/gaming/games/pr?sid=4rr,fa6&otracker=categorytree/", 98000 IN 1 Video Game Pad Built In TV Game Direct AV I...,3.2,₹585
"https://www.flipkart.com/gaming/games/pr?sid=4rr,fa6&otracker=categorytree/",98800 IN 1 Video Game Pad Built In TV Game Direct AV In...,3.3,₹460
"https://www.flipkart.com/gaming/games/pr?sid=4rr,fa6&otracker=categorytree/",TV Video Game AK-2521D Video Game - (2 Controller) Limi...,4.2,₹699
"https://www.flipkart.com/gaming/games/pr?sid=4rr,fa6&otracker=categorytree/",GAM COLLECTION AK-2521D Plug and Play Battle Game - TV ...,4.4,₹649
"https://www.flipkart.com/gaming/games/pr?sid=4rr,fa6&otracker=categorytree/",GTA V Premium Edition (Premium Edition),3.7,"₹2,080"
"https://www.flipkart.com/gaming/games/pr?sid=4rr,fa6&otracker=categorytree/",Tom Clancy’s Ghost Recon: Wildlands,3.3,"₹1,490"
"https://www.flipkart.com/gaming/games/pr?sid=4rr,fa6&otracker=categorytree/",Plug n Play 220 in 1 8bit Video Game Pad Built In TV Ga...,4.6,₹799
"https://www.flipkart.com/gaming/games/pr?sid=4rr,fa6&otracker=categorytree/",98800 IN 1 Video Game Pad Built In TV Game Direct AV In...,4.6,₹498
"https://www.flipkart.com/gaming/games/pr?sid=4rr,fa6&otracker=categorytree/",Uncharted: The Lost Legacy,4.3,"₹1,299"
"https://www.flipkart.com/gaming/games/pr?sid=4rr,fa6&otracker=categorytree/",Uncharted 4 : A Thief's End,4,₹999
"https://www.flipkart.com/gaming/games/pr?sid=4rr,fa6&otracker=categorytree/",Tekken 7,4.4,"₹1,790"
"https://www.flipkart.com/gaming/games/pr?sid=4rr,fa6&otracker=categorytree/",GAM COLLECTION 98000 Game IN 1 Video Game Pad Built In ...,4.3,₹649
"https://www.flipkart.com/gaming/games/pr?sid=4rr,fa6&otracker=categorytree/",Clubics Latest PVP Gaming Console - Video Game for Kids...,3.4,₹949
"https://www.flipkart.com/gaming/games/pr?sid=4rr,fa6&otracker=categorytree/",Watch Dogs 2,3.4,"₹1,490"
"https://www.flipkart.com/gaming/games/pr?sid=4rr,fa6&otracker=categorytree/",Red Dead Redemption 2,4.4,"₹2,500"
"https://www.flipkart.com/gaming/games/pr?sid=4rr,fa6&otracker=categorytree/",MINECRAFT BEDROCK EDITION PS4 (BEDROCK),3.6,"₹1,999"
"https://www.flipkart.com/gaming/games/pr?sid=4rr,fa6&otracker=categorytree/",The Euro Truck Simulator 2,4.3,₹474
"https://www.flipkart.com/gaming/games/pr?sid=4rr,fa6&otracker=categorytree/",Amazing Letest Updated 108000 Game IN 1 Video Game Pad ...,4.2,₹441
"https://www.flipkart.com/gaming/games/pr?sid=4rr,fa6&otracker=categorytree/",Marvel's Spider Man (Game of the Year Edition),3.8,"₹1,797"
"https://www.flipkart.com/gaming/games/pr?sid=4rr,fa6&otracker=categorytree/",Cricket 19 (International Edition),3.9,"₹2,299"
"https://www.flipkart.com/gaming/games/pr?sid=4rr,fa6&otracker=categorytree/",FIFA 21 (Standard),3.5,"₹2,349"
"https://www.flipkart.com/gaming/games/pr?sid=4rr,fa6&otracker=categorytree/","Farcry 3, Fear 3, Battlefield: Bad Company 2, Mafia 2 T...",4,₹699
"https://www.flipkart.com/gaming/games/pr?sid=4rr,fa6&otracker=categorytree/",The Last of Us Remastered (PlayStation Hits),4.6,"₹1,290"
"https://www.flipkart.com/gaming/games/pr?sid=4rr,fa6&otracker=categorytree/",Best PVP Video Game - TV Video Game for Kids (PVP-Black...,4,₹924
"https://www.flipkart.com/gaming/games/pr?sid=4rr,fa6&otracker=categorytree/",GTA 5 Premium Online,4.7,"₹1,139"
"https://www.flipkart.com/gaming/games/pr?sid=4rr,fa6&otracker=categorytree/",THE LAST OF US PART II (STANDARD+EDITION),4,"₹2,199"
"https://www.flipkart.com/gaming/games/pr?sid=4rr,fa6&otracker=categorytree/",FIFA 19 (Champions Edition),3.2,"₹1,099"
"https://www.flipkart.com/gaming/games/pr?sid=4rr,fa6&otracker=categorytree/",The Crew 2 (Standard),4.3,"₹1,690"
"https://www.flipkart.com/gaming/games/pr?sid=4rr,fa6&otracker=categorytree/",God of War (Playstation Hits),3.4,₹999
https://www.flipkart.com/gaming/games/pr?sid=4rr%2Cfa6&otracker=categorytree%2F&page=2,108000 IN 1 Video Game Pad Built In TV Game Direct AV I...,3.6,₹487
https://www.flipkart.com/gaming/games/pr?sid=4rr%2Cfa6&otracker=categorytree%2F&page=2,WWE2K20 PS4,4,"₹1,799"
https://www.flipkart.com/gaming/games/pr?sid=4rr%2Cfa6&otracker=categorytree%2F&page=2,Assassin's Creed Origins,4.5,"₹2,190"
https://www.flipkart.com/gaming/games/pr?sid=4rr%2Cfa6&otracker=categorytree%2F&page=2,PS4 GTA 5 (Premium Online Edition) (Premium Online Edit...,3.9,"₹2,190"
https://www.flipkart.com/gaming/games/pr?sid=4rr%2Cfa6&otracker=categorytree%2F&page=2,TEKKEN 4 (Standard),3.7,₹400
https://www.flipkart.com/gaming/games/pr?sid=4rr%2Cfa6&otracker=categorytree%2F&page=2,Playerunknown's Battlegrounds,3.8,"₹1,990"
https://www.flipkart.com/gaming/games/pr?sid=4rr%2Cfa6&otracker=categorytree%2F&page=2,Plug N Play 220 Video Game Console for Kids - 220 Diffe...,4.4,₹699
https://www.flipkart.com/gaming/games/pr?sid=4rr%2Cfa6&otracker=categorytree%2F&page=2,Latest Battle Video Game AK-2521D Plug and Play TV Vide...,4,₹505
https://www.flipkart.com/gaming/games/pr?sid=4rr%2Cfa6&otracker=categorytree%2F&page=2,God of War III : Remastered,4.1,₹986
https://www.flipkart.com/gaming/games/pr?sid=4rr%2Cfa6&otracker=categorytree%2F&page=2,"Vice City, SanAndreas, Gta 3, EA Cricket 07, Ashes Cric...",3.6,₹710
https://www.flipkart.com/gaming/games/pr?sid=4rr%2Cfa6&otracker=categorytree%2F&page=2,Marvel's Spider-Man: Miles Morales,4.6,"₹3,150"
https://www.flipkart.com/gaming/games/pr?sid=4rr%2Cfa6&otracker=categorytree%2F&page=2,SPIDER MAN WEBS OF SHADOW (SPIDERMAN GAME),3.4,₹600
https://www.flipkart.com/gaming/games/pr?sid=4rr%2Cfa6&otracker=categorytree%2F&page=2,Uncharted: The Lost Legacy (Playstation HITS),3.3,"₹1,039"
https://www.flipkart.com/gaming/games/pr?sid=4rr%2Cfa6&otracker=categorytree%2F&page=2,Marvel's Avengers (Deluxe Edition),4,"₹2,990"
https://www.flipkart.com/gaming/games/pr?sid=4rr%2Cfa6&otracker=categorytree%2F&page=2,god of war 1 pc game offline,4.5,₹290
https://www.flipkart.com/gaming/games/pr?sid=4rr%2Cfa6&otracker=categorytree%2F&page=2,Tekken 7 - PS4 - PlayStation 4,3.4,"₹1,299"
https://www.flipkart.com/gaming/games/pr?sid=4rr%2Cfa6&otracker=categorytree%2F&page=2,Resident Evil: Village PS4 with Free PS5 Upgrade,3.9,"₹4,099"
https://www.flipkart.com/gaming/games/pr?sid=4rr%2Cfa6&otracker=categorytree%2F&page=2,FIFA 21 (Free PS5 Upgrade),4.2,"₹2,190"
https://www.flipkart.com/gaming/games/pr?sid=4rr%2Cfa6&otracker=categorytree%2F&page=2,Grand Theft Auto : Episodes From Liberty City,3.6,"₹1,199"
https://www.flipkart.com/gaming/games/pr?sid=4rr%2Cfa6&otracker=categorytree%2F&page=2,"620 TV Video Games for Kids 1 GB with Super Mario, Cont...",4.1,"₹1,299"
https://www.flipkart.com/gaming/games/pr?sid=4rr%2Cfa6&otracker=categorytree%2F&page=2,Gran Turismo Sport,4.4,₹999
https://www.flipkart.com/gaming/games/pr?sid=4rr%2Cfa6&otracker=categorytree%2F&page=2,FIFA 18,4.3,₹790
https://www.flipkart.com/gaming/games/pr?sid=4rr%2Cfa6&otracker=categorytree%2F&page=2,Minecraft,4.6,"₹1,329"
https://www.flipkart.com/gaming/games/pr?sid=4rr%2Cfa6&otracker=categorytree%2F&page=2,Plug N Play (PNP) 220 Video Games - Different Video Gam...,4,₹699
https://www.flipkart.com/gaming/games/pr?sid=4rr%2Cfa6&otracker=categorytree%2F&page=2,FiFa 12 game ( for PC ) ( 1 DVD In The Box ) (standard),4.5,₹290
https://www.flipkart.com/gaming/games/pr?sid=4rr%2Cfa6&otracker=categorytree%2F&page=2,INSPIRE LIGHTER HOUSE bit (2 Player) TV Video Game Remo...,4.1,₹798
https://www.flipkart.com/gaming/games/pr?sid=4rr%2Cfa6&otracker=categorytree%2F&page=2,Call of Duty: Infinite Warfare,4.3,"₹1,099"
https://www.flipkart.com/gaming/games/pr?sid=4rr%2Cfa6&otracker=categorytree%2F&page=2,98000 IN 1 Video Game - TV Game Direct AV Inputs Shooti...,3,₹498
https://www.flipkart.com/gaming/games/pr?sid=4rr%2Cfa6&otracker=categorytree%2F&page=2,Call Of Duty: Modern Warfare 2019,4.3,"₹3,899"
https://www.flipkart.com/gaming/games/pr?sid=4rr%2Cfa6&otracker=categorytree%2F&page=2,GTA 5 PS4 GAME PREMIUM EDITION (Premium Edition),3.6,"₹1,755"
https://www.flipkart.com/gaming/games/pr?sid=4rr%2Cfa6&otracker=categorytree%2F&page=2,Resident Evil 7 Biohazard,4.4,"₹1,690"
https://www.flipkart.com/gaming/games/pr?sid=4rr%2Cfa6&otracker=categorytree%2F&page=2,GOD OF WAR PS4 GAME (STANDARD),4,"₹1,140"
https://www.flipkart.com/gaming/games/pr?sid=4rr%2Cfa6&otracker=categorytree%2F&page=2,Plug N Play Video Game - Kids Video Game box with 220 D...,3.6,₹699
https://www.flipkart.com/gaming/games/pr?sid=4rr%2Cfa6&otracker=categorytree%2F&page=3,WWE 2K16 ( Wrestling Video Game ),5,₹899
https://www.flipkart.com/gaming/games/pr?sid=4rr%2Cfa6&otracker=categorytree%2F&page=3,The Last of Us Part II (Standard+ Edition),4.2,"₹2,218"
https://www.flipkart.com/gaming/games/pr?sid=4rr%2Cfa6&otracker=categorytree%2F&page=3,Call Of Duty : Advanced Warfare,4.3,"₹1,490"
https://www.flipkart.com/gaming/games/pr?sid=4rr%2Cfa6&otracker=categorytree%2F&page=3,MARVEL'S SPIDER-MAN GAME OF THE YEAR EDITION PS4 (GAME ...,3.8,"₹1,990"
https://www.flipkart.com/gaming/games/pr?sid=4rr%2Cfa6&otracker=categorytree%2F&page=3,PLUG N PLAY 220 Different HD TV Video Games for Kids - ...,3,₹699
https://www.flipkart.com/gaming/games/pr?sid=4rr%2Cfa6&otracker=categorytree%2F&page=3,"620 Video Game for Kids 1 GB with Super Mario, Contra L...",4.6,"₹1,299"
https://www.flipkart.com/gaming/games/pr?sid=4rr%2Cfa6&otracker=categorytree%2F&page=3,Watch Dogs (DVD),4.4,"₹1,790"
https://www.flipkart.com/gaming/games/pr?sid=4rr%2Cfa6&otracker=categorytree%2F&page=3,Grand Theft Auto V ( Xbox One DVD ) (Premium Edition),4.2,"₹1,790"
https://www.flipkart.com/gaming/games/pr?sid=4rr%2Cfa6&otracker=categorytree%2F&page=3,Latest PVP HANDHELD KIDS VIDEO GAME - PVP with SUPER MA...,4.2,₹949
https://www.flipkart.com/gaming/games/pr?sid=4rr%2Cfa6&otracker=categorytree%2F&page=3,God of War,3.5,"₹1,192"
https://www.flipkart.com/gaming/games/pr?sid=4rr%2Cfa6&otracker=categorytree%2F&page=3,Ghost Of Tsushima,3.5,"₹2,599"
https://www.flipkart.com/gaming/games/pr?sid=4rr%2Cfa6&otracker=categorytree%2F&page=3,Just Cause 4,3,"₹1,490"
https://www.flipkart.com/gaming/games/pr?sid=4rr%2Cfa6&otracker=categorytree%2F&page=3,Call Of Duty: World War II,3.3,"₹1,749"
https://www.flipkart.com/gaming/games/pr?sid=4rr%2Cfa6&otracker=categorytree%2F&page=3,Need For Speed : Most Wanted (2012),4.3,"₹1,099"
https://www.flipkart.com/gaming/games/pr?sid=4rr%2Cfa6&otracker=categorytree%2F&page=3,Neverdead,3.7,₹890
https://www.flipkart.com/gaming/games/pr?sid=4rr%2Cfa6&otracker=categorytree%2F&page=3,Latest Video Game - 4K ULTRA HD Gaming Controller with ...,4.1,"₹3,699"
https://www.flipkart.com/gaming/games/pr?sid=4rr%2Cfa6&otracker=categorytree%2F&page=3,Best Kids Video Game with 620 Different Video Games - T...,4.2,"₹1,299"
https://www.flipkart.com/gaming/games/pr?sid=4rr%2Cfa6&otracker=categorytree%2F&page=3,Latest Wireless Extreme Mini Game Box - 620 Video Game ...,4.6,"₹1,099"
https://www.flipkart.com/gaming/games/pr?sid=4rr%2Cfa6&otracker=categorytree%2F&page=3,108000 IN 1 Video Game Pad Built In TV Game Direct AV I...,3.6,₹500
https://www.flipkart.com/gaming/games/pr?sid=4rr%2Cfa6&otracker=categorytree%2F&page=3,Marvel's Avengers with Free PS5 Upgrade (Standard),4.6,"₹2,199"
https://www.flipkart.com/gaming/games/pr?sid=4rr%2Cfa6&otracker=categorytree%2F&page=3,Grand Theft Auto V (Premium Online Edition),4,"₹2,190"
https://www.flipkart.com/gaming/games/pr?sid=4rr%2Cfa6&otracker=categorytree%2F&page=3,Grand Theft Auto IV : GTA 4 (DVD),4.2,"₹1,490"
https://www.flipkart.com/gaming/games/pr?sid=4rr%2Cfa6&otracker=categorytree%2F&page=3,Latest Battle Video Game AK-2521D Plug and Play TV Vide...,3.2,₹699
https://www.flipkart.com/gaming/games/pr?sid=4rr%2Cfa6&otracker=categorytree%2F&page=3,Infamous [Essentials],4.3,₹899
https://www.flipkart.com/gaming/games/pr?sid=4rr%2Cfa6&otracker=categorytree%2F&page=3,FIFA 16 STANDARD EDITION PC FULL GAME Download code onl...,4.3,₹449
https://www.flipkart.com/gaming/games/pr?sid=4rr%2Cfa6&otracker=categorytree%2F&page=3,PS4 FIFA 2018 WORLD CUP UPDATE,3,₹790
https://www.flipkart.com/gaming/games/pr?sid=4rr%2Cfa6&otracker=categorytree%2F&page=3,Call of Duty Modern-Warfare 3 (Offline Only) (Regular),3.7,₹415
https://www.flipkart.com/gaming/games/pr?sid=4rr%2Cfa6&otracker=categorytree%2F&page=3,Days Gone (Special Edition),3.9,"₹2,999"
https://www.flipkart.com/gaming/games/pr?sid=4rr%2Cfa6&otracker=categorytree%2F&page=3,TV Video Game - Battle AK-2521D Wired Video Game for Ki...,3.7,₹699
https://www.flipkart.com/gaming/games/pr?sid=4rr%2Cfa6&otracker=categorytree%2F&page=3,Gamers Steam Bundle ( 17 game one pack ) Special Editio...,4.3,"₹1,299"
https://www.flipkart.com/gaming/games/pr?sid=4rr%2Cfa6&otracker=categorytree%2F&page=3,FIFA 16,4.4,₹299
https://www.flipkart.com/gaming/games/pr?sid=4rr%2Cfa6&otracker=categorytree%2F&page=3,103000 IN 1 Video Game pad Two Player Built In TV Game ...,3.8,₹855
https://www.flipkart.com/gaming/games/pr?sid=4rr%2Cfa6&otracker=categorytree%2F&page=3,ironman (STANDARD),3.2,₹300
https://www.flipkart.com/gaming/games/pr?sid=4rr%2Cfa6&otracker=categorytree%2F&page=3,URBANREING FULL GAME PLAYSTATION 2 (PS2 ) (STANDARD),4.2,₹450
https://www.flipkart.com/gaming/games/pr?sid=4rr%2Cfa6&otracker=categorytree%2F&page=4,Best 4K ULTRA HD TV Video Game for Kids - Gaming Contro...,4,"₹3,699"
https://www.flipkart.com/gaming/games/pr?sid=4rr%2Cfa6&otracker=categorytree%2F&page=4,BEN 10 : Ultimate Alien Cosmic Destruction,3.4,"₹1,090"
https://www.flipkart.com/gaming/games/pr?sid=4rr%2Cfa6&otracker=categorytree%2F&page=4,Watch Dogs Legion (Resistance Edition) (Resistance Edit...,4.5,"₹2,290"
https://www.flipkart.com/gaming/games/pr?sid=4rr%2Cfa6&otracker=categorytree%2F&page=4,Wireless Video Gaming Controller with Game Stick (2 Con...,4.3,"₹3,699"
https://www.flipkart.com/gaming/games/pr?sid=4rr%2Cfa6&otracker=categorytree%2F&page=4,Far Cry 5,4.4,"₹1,515"
https://www.flipkart.com/gaming/games/pr?sid=4rr%2Cfa6&otracker=categorytree%2F&page=4,Batman Video Game,4,₹269
https://www.flipkart.com/gaming/games/pr?sid=4rr%2Cfa6&otracker=categorytree%2F&page=4,Shadow of the Tomb Raider (Definitive Edition),3.7,"₹1,790"
https://www.flipkart.com/gaming/games/pr?sid=4rr%2Cfa6&otracker=categorytree%2F&page=4,New Kids Video Game AK-2521D - Plug and Play Video Game...,3.6,₹699
https://www.flipkart.com/gaming/games/pr?sid=4rr%2Cfa6&otracker=categorytree%2F&page=4,STAR WAR JEDI FALLEN ORDER PS4,3.8,"₹1,849"
https://www.flipkart.com/gaming/games/pr?sid=4rr%2Cfa6&otracker=categorytree%2F&page=4,Cricket 19 International Edition (PS4) (Cricket 19 Inte...,4.5,"₹3,199"
https://www.flipkart.com/gaming/games/pr?sid=4rr%2Cfa6&otracker=categorytree%2F&page=4,Middle - Earth : Shadow Of Mordor,3.8,₹999
https://www.flipkart.com/gaming/games/pr?sid=4rr%2Cfa6&otracker=categorytree%2F&page=4,Call Of Duty: Infinite Warfare (Legacy Edition),4.2,"₹1,990"
https://www.flipkart.com/gaming/games/pr?sid=4rr%2Cfa6&otracker=categorytree%2F&page=4,Watch Dogs Legion (Standard),4.1,"₹2,190"
https://www.flipkart.com/gaming/games/pr?sid=4rr%2Cfa6&otracker=categorytree%2F&page=4,Farming Simulator 19,3.4,₹809
https://www.flipkart.com/gaming/games/pr?sid=4rr%2Cfa6&otracker=categorytree%2F&page=4,Mortal Kombat 11 Ultimate (Ultimate Edition),3.4,"₹2,599"
https://www.flipkart.com/gaming/games/pr?sid=4rr%2Cfa6&otracker=categorytree%2F&page=4,Need for Speed Heat,4.2,"₹2,290"
https://www.flipkart.com/gaming/games/pr?sid=4rr%2Cfa6&otracker=categorytree%2F&page=4,GTA 4 ( GTA video Game ) Computer,4.2,₹494
https://www.flipkart.com/gaming/games/pr?sid=4rr%2Cfa6&otracker=categorytree%2F&page=4,Bloodborne,4.3,₹999
https://www.flipkart.com/gaming/games/pr?sid=4rr%2Cfa6&otracker=categorytree%2F&page=4,Fifa 19,4.2,"₹1,499"
https://www.flipkart.com/gaming/games/pr?sid=4rr%2Cfa6&otracker=categorytree%2F&page=4,Grand Theft Auto GTA : Episodes from Liberty City (DVD),4.6,₹990
https://www.flipkart.com/gaming/games/pr?sid=4rr%2Cfa6&otracker=categorytree%2F&page=4,Spintires,3.7,₹359
https://www.flipkart.com/gaming/games/pr?sid=4rr%2Cfa6&otracker=categorytree%2F&page=4,Train Simulator 2020,4.2,₹539
https://www.flipkart.com/gaming/games/pr?sid=4rr%2Cfa6&otracker=categorytree%2F&page=4,Mortal Kombat 11 ((MK11)),3,"₹1,990"
https://www.flipkart.com/gaming/games/pr?sid=4rr%2Cfa6&otracker=categorytree%2F&page=4,Call Of Duty: Ghosts,3.6,"₹1,299"
https://www.flipkart.com/gaming/games/pr?sid=4rr%2Cfa6&otracker=categorytree%2F&page=4,GRAND THEFT AUTO V (PREMIUM EDITION),3.3,"₹1,687"
https://www.flipkart.com/gaming/games/pr?sid=4rr%2Cfa6&otracker=categorytree%2F&page=4,Assassins Creed Revelations,5,₹890
https://www.flipkart.com/gaming/games/pr?sid=4rr%2Cfa6&otracker=categorytree%2F&page=4,LEGO Harry Potter Collection,4.1,"₹2,790"
https://www.flipkart.com/gaming/games/pr?sid=4rr%2Cfa6&otracker=categorytree%2F&page=4,Resident Evil 4,3.8,"₹1,890"
https://www.flipkart.com/gaming/games/pr?sid=4rr%2Cfa6&otracker=categorytree%2F&page=4,Angry Birds: Space (PC),3.8,₹179
https://www.flipkart.com/gaming/games/pr?sid=4rr%2Cfa6&otracker=categorytree%2F&page=4,Red Dead Redemption 2 PC,3.3,"₹2,349"
https://www.flipkart.com/gaming/games/pr?sid=4rr%2Cfa6&otracker=categorytree%2F&page=4,Assassin's Creed: Unity (Limited Edition),4.4,"₹1,490"
https://www.flipkart.com/gaming/games/pr?sid=4rr%2Cfa6&otracker=categorytree%2F&page=5,Avengers (Deluxe Steelbook Edition),4.9,"₹3,790"
https://www.flipkart.com/gaming/games/pr?sid=4rr%2Cfa6&otracker=categorytree%2F&page=5,Extreme Mini Game Box - Newest Handheld Video Game Play...,3.9,"₹1,999"
https://www.flipkart.com/gaming/games/pr?sid=4rr%2Cfa6&otracker=categorytree%2F&page=5,Injustice: Gods Among Us (Ultimate Edition),4,"₹2,490"
https://www.flipkart.com/gaming/games/pr?sid=4rr%2Cfa6&otracker=categorytree%2F&page=5,Tom Clancy's Ghost Recon Breakpoint (Auroa Edition),3.3,"₹1,190"
https://www.flipkart.com/gaming/games/pr?sid=4rr%2Cfa6&otracker=categorytree%2F&page=5,Tom Clancy's Splinter Cell Blacklist,4.4,₹611
https://www.flipkart.com/gaming/games/pr?sid=4rr%2Cfa6&otracker=categorytree%2F&page=5,F.E.A.R.2,4.1,₹89
https://www.flipkart.com/gaming/games/pr?sid=4rr%2Cfa6&otracker=categorytree%2F&page=5,PS4 Game Ghost Of Tsushima,3.4,"₹2,750"
https://www.flipkart.com/gaming/games/pr?sid=4rr%2Cfa6&otracker=categorytree%2F&page=5,Uncharted -The Nathan Drake Collection 3 in 1 PS4 Game ...,4.4,"₹1,080"
https://www.flipkart.com/gaming/games/pr?sid=4rr%2Cfa6&otracker=categorytree%2F&page=5,The Last Guardian,4.5,"₹2,490"
https://www.flipkart.com/gaming/games/pr?sid=4rr%2Cfa6&otracker=categorytree%2F&page=5,Ghost Recon Breakpoint (Limited Edition),3.8,"₹1,490"
https://www.flipkart.com/gaming/games/pr?sid=4rr%2Cfa6&otracker=categorytree%2F&page=5,Battlefield V (PS4) (NORMAL),4.3,"₹1,699"
https://www.flipkart.com/gaming/games/pr?sid=4rr%2Cfa6&otracker=categorytree%2F&page=5,IGI 2 Covert Strike,4.3,₹290
https://www.flipkart.com/gaming/games/pr?sid=4rr%2Cfa6&otracker=categorytree%2F&page=5,Star Wars Battlefront 2 ( Video game ),4.1,₹359
https://www.flipkart.com/gaming/games/pr?sid=4rr%2Cfa6&otracker=categorytree%2F&page=5,Hitman 3 III (VR Compatible),4.2,"₹3,499"
https://www.flipkart.com/gaming/games/pr?sid=4rr%2Cfa6&otracker=categorytree%2F&page=5,Metal Gear Solid V : Ground Zeroes,4.4,₹849
https://www.flipkart.com/gaming/games/pr?sid=4rr%2Cfa6&otracker=categorytree%2F&page=5,Until Dawn,3,"₹1,590"
https://www.flipkart.com/gaming/games/pr?sid=4rr%2Cfa6&otracker=categorytree%2F&page=5,Big Bash Boom (Standard),4.2,₹449
https://www.flipkart.com/gaming/games/pr?sid=4rr%2Cfa6&otracker=categorytree%2F&page=5,Infamous: Second Son,3.5,₹999
https://www.flipkart.com/gaming/games/pr?sid=4rr%2Cfa6&otracker=categorytree%2F&page=5,Mirror's edge catalyst ps4 (Standard),4.1,₹890
https://www.flipkart.com/gaming/games/pr?sid=4rr%2Cfa6&otracker=categorytree%2F&page=5,Resident Evil 2,4.4,"₹2,190"
https://www.flipkart.com/gaming/games/pr?sid=4rr%2Cfa6&otracker=categorytree%2F&page=5,Street Fighter V,4,"₹1,750"
https://www.flipkart.com/gaming/games/pr?sid=4rr%2Cfa6&otracker=categorytree%2F&page=5,Days Gone (For Playstation 4),4.5,"₹1,510"
https://www.flipkart.com/gaming/games/pr?sid=4rr%2Cfa6&otracker=categorytree%2F&page=5,The Witcher 3 III Wild Hunt (GOTY Edition DVD),5,"₹2,290"
https://www.flipkart.com/gaming/games/pr?sid=4rr%2Cfa6&otracker=categorytree%2F&page=5,Tennis World Tour (Roland Garros Edition),3.7,"₹2,290"
https://www.flipkart.com/gaming/games/pr?sid=4rr%2Cfa6&otracker=categorytree%2F&page=5,Grand Theft Auto GTA IV & Episodes from Liberty City (C...,5,"₹2,490"
https://www.flipkart.com/gaming/games/pr?sid=4rr%2Cfa6&otracker=categorytree%2F&page=5,Amazing Letest Updated 108000 Game IN 1 Video Game Pad ...,4.3,₹549
https://www.flipkart.com/gaming/games/pr?sid=4rr%2Cfa6&otracker=categorytree%2F&page=5,PLUG N PLAY KIDS VIDEO GAME - 220 DIFFERENT VIDEO GAME ...,4,₹699
https://www.flipkart.com/gaming/games/pr?sid=4rr%2Cfa6&otracker=categorytree%2F&page=5,WWE2K18 (Wrestlemania Edition),5,"₹1,390"
https://www.flipkart.com/gaming/games/pr?sid=4rr%2Cfa6&otracker=categorytree%2F&page=5,Sniper Elite 4 PS4 (Standard),4.3,"₹2,490"
https://www.flipkart.com/gaming/games/pr?sid=4rr%2Cfa6&otracker=categorytree%2F&page=5,Far Cry 4,4.4,₹809
https://www.flipkart.com/gaming/games/pr?sid=4rr%2Cfa6&otracker=categorytree%2F&page=5,Uncharted 4 : A Thief's End (for PS4) Playstation hits ...,3.3,"₹1,067"
https://www.flipkart.com/gaming/games/pr?sid=4rr%2Cfa6&otracker=categorytree%2F&page=6,Assassins Creed Valhalla Launch Edition (Digital Downlo...,4.4,"₹1,510"
https://www.flipkart.com/gaming/games/pr?sid=4rr%2Cfa6&otracker=categorytree%2F&page=6,Injustice 2,3.5,"₹1,690"
https://www.flipkart.com/gaming/games/pr?sid=4rr%2Cfa6&otracker=categorytree%2F&page=6,Need for Speed Most Wanted 2005 Full Game for PC (Full),4.2,₹290
https://www.flipkart.com/gaming/games/pr?sid=4rr%2Cfa6&otracker=categorytree%2F&page=6,Gears 5 (Standard),3.5,"₹1,399"
https://www.flipkart.com/gaming/games/pr?sid=4rr%2Cfa6&otracker=categorytree%2F&page=6,WWE 2K15 Popular Fighting Game (Offline Only) (OS : 64 ...,4.4,₹695
https://www.flipkart.com/gaming/games/pr?sid=4rr%2Cfa6&otracker=categorytree%2F&page=6,WWE 2K16 (Digital Version - No Physical Disc),4.3,"₹1,090"
https://www.flipkart.com/gaming/games/pr?sid=4rr%2Cfa6&otracker=categorytree%2F&page=6,Batman Arkham Knight (Game of the Year Edition),4.4,"₹2,290"
https://www.flipkart.com/gaming/games/pr?sid=4rr%2Cfa6&otracker=categorytree%2F&page=6,Latest Kids Wired TV Video Game - 620 Games with 1 GB a...,4,"₹1,299"
https://www.flipkart.com/gaming/games/pr?sid=4rr%2Cfa6&otracker=categorytree%2F&page=6,Clubics 620 TV Video Games for Kids with 30 Motion Game...,4.7,"₹2,199"
https://www.flipkart.com/gaming/games/pr?sid=4rr%2Cfa6&otracker=categorytree%2F&page=6,NBA 2K20,4.2,"₹2,199"
https://www.flipkart.com/gaming/games/pr?sid=4rr%2Cfa6&otracker=categorytree%2F&page=6,Far Cry 4,4.2,"₹1,360"
https://www.flipkart.com/gaming/games/pr?sid=4rr%2Cfa6&otracker=categorytree%2F&page=6,Call of Duty Modern Warfare 1-2-3 Top Three Game Combo ...,4.3,₹740
https://www.flipkart.com/gaming/games/pr?sid=4rr%2Cfa6&otracker=categorytree%2F&page=6,Resident Evil 3 Remake (PS4),4.4,"₹2,990"
https://www.flipkart.com/gaming/games/pr?sid=4rr%2Cfa6&otracker=categorytree%2F&page=6,Mortal Kombat 11,4,"₹1,680"
https://www.flipkart.com/gaming/games/pr?sid=4rr%2Cfa6&otracker=categorytree%2F&page=6,WWE 2K16,4.5,"₹1,290"
https://www.flipkart.com/gaming/games/pr?sid=4rr%2Cfa6&otracker=categorytree%2F&page=6,New EXTREME MINI GAME BOX Full Entertainment System Vid...,4.8,"₹1,099"
https://www.flipkart.com/gaming/games/pr?sid=4rr%2Cfa6&otracker=categorytree%2F&page=6,Injustice 2 (Legendary Edition),3.7,"₹1,990"
https://www.flipkart.com/gaming/games/pr?sid=4rr%2Cfa6&otracker=categorytree%2F&page=6,Resident Evil 5,4.2,"₹1,990"
https://www.flipkart.com/gaming/games/pr?sid=4rr%2Cfa6&otracker=categorytree%2F&page=6,Assassin's Creed Valhalla (Standard),3.6,"₹3,490"
https://www.flipkart.com/gaming/games/pr?sid=4rr%2Cfa6&otracker=categorytree%2F&page=6,Assassins Creed Black Flag and Rogue Top Two Game (OS :...,4.4,₹605
https://www.flipkart.com/gaming/games/pr?sid=4rr%2Cfa6&otracker=categorytree%2F&page=6,Horizon Zero Dawn (Complete Edition),3.5,"₹1,290"
https://www.flipkart.com/gaming/games/pr?sid=4rr%2Cfa6&otracker=categorytree%2F&page=6,Tekken 7,3.3,"₹1,399"
https://www.flipkart.com/gaming/games/pr?sid=4rr%2Cfa6&otracker=categorytree%2F&page=6,Dark Souls III: The Fire Fades Edition (Game Of The Yea...,4.4,"₹2,490"
https://www.flipkart.com/gaming/games/pr?sid=4rr%2Cfa6&otracker=categorytree%2F&page=6,Rambo: The Video Game,4,"₹1,590"
https://www.flipkart.com/gaming/games/pr?sid=4rr%2Cfa6&otracker=categorytree%2F&page=6,Spider-Man: Friend Or Foe,5,₹790
https://www.flipkart.com/gaming/games/pr?sid=4rr%2Cfa6&otracker=categorytree%2F&page=6,Plug N Play 220 Video Games - 220 Different Video Games...,4.2,₹699
https://www.flipkart.com/gaming/games/pr?sid=4rr%2Cfa6&otracker=categorytree%2F&page=6,WWE 2k20 (Digital Download) Limited Edition,4.8,"₹1,599"
https://www.flipkart.com/gaming/games/pr?sid=4rr%2Cfa6&otracker=categorytree%2F&page=6,Hitman 2,5,"₹1,890"
https://www.flipkart.com/gaming/games/pr?sid=4rr%2Cfa6&otracker=categorytree%2F&page=6,EA Cricket 07 and Ashes Cricket 09 COMBO of Two Sports ...,4.4,₹340
https://www.flipkart.com/gaming/games/pr?sid=4rr%2Cfa6&otracker=categorytree%2F&page=6,Marvel's Avengers (PlayStation 5),3.6,"₹2,100"
https://www.flipkart.com/gaming/games/pr?sid=4rr%2Cfa6&otracker=categorytree%2F&page=7,Ashes Cricket,4.1,"₹2,390"
https://www.flipkart.com/gaming/games/pr?sid=4rr%2Cfa6&otracker=categorytree%2F&page=7,Mad Max,4.3,₹999
https://www.flipkart.com/gaming/games/pr?sid=4rr%2Cfa6&otracker=categorytree%2F&page=7,Assassins Creed 3: Remastered,4.5,"₹1,590"
https://www.flipkart.com/gaming/games/pr?sid=4rr%2Cfa6&otracker=categorytree%2F&page=7,Mafia (Definitive Edition),3.8,"₹2,190"
https://www.flipkart.com/gaming/games/pr?sid=4rr%2Cfa6&otracker=categorytree%2F&page=7,MARVEL IRONMAN VR PS4 (JUNE 2020),4.3,"₹2,990"
https://www.flipkart.com/gaming/games/pr?sid=4rr%2Cfa6&otracker=categorytree%2F&page=7,Metro Redux (DVD),4.2,"₹1,490"
https://www.flipkart.com/gaming/games/pr?sid=4rr%2Cfa6&otracker=categorytree%2F&page=7,The Witcher : Enhanced Edition (DVD),4.3,"₹1,490"
https://www.flipkart.com/gaming/games/pr?sid=4rr%2Cfa6&otracker=categorytree%2F&page=7,98000 Games in 1 TV Game Single Player Direct AV Input ...,4.2,₹699
https://www.flipkart.com/gaming/games/pr?sid=4rr%2Cfa6&otracker=categorytree%2F&page=7,Project Cars,4.5,"₹1,790"
https://www.flipkart.com/gaming/games/pr?sid=4rr%2Cfa6&otracker=categorytree%2F&page=7,Watch Dogs (Exclusive Edition),4,"₹1,290"
https://www.flipkart.com/gaming/games/pr?sid=4rr%2Cfa6&otracker=categorytree%2F&page=7,Marvel's Spider-Man (Game Of The Year Edition),4.6,"₹1,990"
https://www.flipkart.com/gaming/games/pr?sid=4rr%2Cfa6&otracker=categorytree%2F&page=7,Sleeping Dogs,5,"₹1,490"
https://www.flipkart.com/gaming/games/pr?sid=4rr%2Cfa6&otracker=categorytree%2F&page=7,Call of duty black ops game ( for PC ) ( 1 DVD In The B...,4.7,₹450
https://www.flipkart.com/gaming/games/pr?sid=4rr%2Cfa6&otracker=categorytree%2F&page=7,Cars 3: Driven to Win,3.8,"₹1,890"
https://www.flipkart.com/gaming/games/pr?sid=4rr%2Cfa6&otracker=categorytree%2F&page=7,HITMAN: The Complete First Season,3.9,"₹1,790"
https://www.flipkart.com/gaming/games/pr?sid=4rr%2Cfa6&otracker=categorytree%2F&page=7,god of war 2 pc game offline,3.1,₹300
https://www.flipkart.com/gaming/games/pr?sid=4rr%2Cfa6&otracker=categorytree%2F&page=7,Don Bradman Cricket 14 (Collector's Edition),4.4,"₹1,090"
https://www.flipkart.com/gaming/games/pr?sid=4rr%2Cfa6&otracker=categorytree%2F&page=7,Latest 620 TV Video Game Console - Video Game for Kids ...,3.8,"₹1,299"
https://www.flipkart.com/gaming/games/pr?sid=4rr%2Cfa6&otracker=categorytree%2F&page=7,Assassin s Creed The Ezio Collection,3.4,"₹1,790"
https://www.flipkart.com/gaming/games/pr?sid=4rr%2Cfa6&otracker=categorytree%2F&page=7,Just Cause 4 (Day One),4,"₹1,490"
https://www.flipkart.com/gaming/games/pr?sid=4rr%2Cfa6&otracker=categorytree%2F&page=7,Ratchet and Clank (PS4) (Ratchet and Clank (PS4)),3,"₹1,099"
https://www.flipkart.com/gaming/games/pr?sid=4rr%2Cfa6&otracker=categorytree%2F&page=7,Need for Speed Rivals: Complete Edition Complete Editio...,3.8,"₹1,499"
https://www.flipkart.com/gaming/games/pr?sid=4rr%2Cfa6&otracker=categorytree%2F&page=7,"Grand Theft Auto Online: Megalodon Shark Cash Card - 8,...",3.1,"₹4,699"
https://www.flipkart.com/gaming/games/pr?sid=4rr%2Cfa6&otracker=categorytree%2F&page=7,Tekken 7,3.8,₹809
https://www.flipkart.com/gaming/games/pr?sid=4rr%2Cfa6&otracker=categorytree%2F&page=7,Tomb Raider (Definitive Edition),3.8,"₹1,290"
https://www.flipkart.com/gaming/games/pr?sid=4rr%2Cfa6&otracker=categorytree%2F&page=7,Call of Duty Modern Warfare 2 ,4.4,"₹1,499"
https://www.flipkart.com/gaming/games/pr?sid=4rr%2Cfa6&otracker=categorytree%2F&page=7,Need For Speed: Heat (Standard),3.8,"₹2,290"
https://www.flipkart.com/gaming/games/pr?sid=4rr%2Cfa6&otracker=categorytree%2F&page=7,98000 IN 1 Video Game - TV / PC Game Console 1 GB with ...,3.1,₹549
https://www.flipkart.com/gaming/games/pr?sid=4rr%2Cfa6&otracker=categorytree%2F&page=8,CyberPunk 2077 (Digital Download) Legendary Edition,3,"₹1,510"
https://www.flipkart.com/gaming/games/pr?sid=4rr%2Cfa6&otracker=categorytree%2F&page=8,FIFA 21 (DVD),4.2,"₹2,390"
https://www.flipkart.com/gaming/games/pr?sid=4rr%2Cfa6&otracker=categorytree%2F&page=8,Mafia III,4.2,₹999
https://www.flipkart.com/gaming/games/pr?sid=4rr%2Cfa6&otracker=categorytree%2F&page=8,Diablo 3,4.4,₹595
https://www.flipkart.com/gaming/games/pr?sid=4rr%2Cfa6&otracker=categorytree%2F&page=8,Battlefield: Hardline,3.5,₹990
https://www.flipkart.com/gaming/games/pr?sid=4rr%2Cfa6&otracker=categorytree%2F&page=8,Latest Multi Player Video Game Controller with Game Sti...,4.1,"₹3,699"
https://www.flipkart.com/gaming/games/pr?sid=4rr%2Cfa6&otracker=categorytree%2F&page=8,The Amazing Spiderman 2 (Digital Download) Limited Edit...,3.4,₹899
https://www.flipkart.com/gaming/games/pr?sid=4rr%2Cfa6&otracker=categorytree%2F&page=8,Naruto Shippuden Ultimate Ninja Storm 4: Road to Boruto,4.6,"₹2,290"
https://www.flipkart.com/gaming/games/pr?sid=4rr%2Cfa6&otracker=categorytree%2F&page=8,DRAGON BALL FighterZ game for PC ( 1 dvd in the box ),4.5,₹350
https://www.flipkart.com/gaming/games/pr?sid=4rr%2Cfa6&otracker=categorytree%2F&page=8,Valentino Rossi: The Game,3.6,₹999
https://www.flipkart.com/gaming/games/pr?sid=4rr%2Cfa6&otracker=categorytree%2F&page=8,MORTAL KOMBET SHAOLIN MONKS FULL GAME PS2 (STANDARD),3.4,₹500
https://www.flipkart.com/gaming/games/pr?sid=4rr%2Cfa6&otracker=categorytree%2F&page=8,Hitman 2 & Halo: Combat Evolved (Standard),4.2,₹450
https://www.flipkart.com/gaming/games/pr?sid=4rr%2Cfa6&otracker=categorytree%2F&page=8,Final Fantasy 7 VII Remake (PlayStation Exclusive),3.4,"₹2,990"
https://www.flipkart.com/gaming/games/pr?sid=4rr%2Cfa6&otracker=categorytree%2F&page=8,Assassin's Creed Brotherhood (Offline Only) (Regular),4,₹355
https://www.flipkart.com/gaming/games/pr?sid=4rr%2Cfa6&otracker=categorytree%2F&page=8,Mortal Kombat X,4.2,₹999
https://www.flipkart.com/gaming/games/pr?sid=4rr%2Cfa6&otracker=categorytree%2F&page=8,Need For Speed: Carbon game for pc ( 1 DVD in the box ),4.4,₹290
https://www.flipkart.com/gaming/games/pr?sid=4rr%2Cfa6&otracker=categorytree%2F&page=8,TEKKEN 3 4 5 6 COMBO PC GAME (STANDARD),4.3,₹399
https://www.flipkart.com/gaming/games/pr?sid=4rr%2Cfa6&otracker=categorytree%2F&page=8,NEED FOR SPEED SHIFT ( DISC ) ( NO DOWNLOAD REQUIRED ) ...,4.3,₹719
https://www.flipkart.com/gaming/games/pr?sid=4rr%2Cfa6&otracker=categorytree%2F&page=8,Red Dead Redemption (Game Of The Year Edition) (for PS3...,3.4,"₹2,290"
https://www.flipkart.com/gaming/games/pr?sid=4rr%2Cfa6&otracker=categorytree%2F&page=8,Call of Duty: Advanced Warfare,3.1,"₹1,799"
https://www.flipkart.com/gaming/games/pr?sid=4rr%2Cfa6&otracker=categorytree%2F&page=8,Project Cars Game Of The Year Edition,5,"₹1,489"
https://www.flipkart.com/gaming/games/pr?sid=4rr%2Cfa6&otracker=categorytree%2F&page=8,Wireless Video Game - 2.4G Gaming Controller with Game ...,4,"₹3,699"
https://www.flipkart.com/gaming/games/pr?sid=4rr%2Cfa6&otracker=categorytree%2F&page=8,The Last Of Us : Remastered,4.5,"₹1,156"
https://www.flipkart.com/gaming/games/pr?sid=4rr%2Cfa6&otracker=categorytree%2F&page=8,4K ULTRA HD Kids Video Game - 10000 Different Multi Pla...,3.6,"₹3,699"
https://www.flipkart.com/gaming/games/pr?sid=4rr%2Cfa6&otracker=categorytree%2F&page=8,Middle-Earth: Shadow of War,4,₹799
https://www.flipkart.com/gaming/games/pr?sid=4rr%2Cfa6&otracker=categorytree%2F&page=8,220 in 1 Video Game Pad Built In Non Repeat 220 TV Game...,3.4,₹799
https://www.flipkart.com/gaming/games/pr?sid=4rr%2Cfa6&otracker=categorytree%2F&page=8,LEGO Marvel Super Heroes,3.5,₹290
https://www.flipkart.com/gaming/games/pr?sid=4rr%2Cfa6&otracker=categorytree%2F&page=8,DOOM ETERNAL PS4 (2020),3.4,"₹2,490"
https://www.flipkart.com/gaming/games/pr?sid=4rr%2Cfa6&otracker=categorytree%2F&page=9,Assassin's Creed : Rogue,4.6,"₹1,890"
https://www.flipkart.com/gaming/games/pr?sid=4rr%2Cfa6&otracker=categorytree%2F&page=9,Call Of Duty Ghost Steam online,4.6,"₹1,399"
https://www.flipkart.com/gaming/games/pr?sid=4rr%2Cfa6&otracker=categorytree%2F&page=9,Bloodborne (Game Of The Year Edition),4,"₹1,480"
https://www.flipkart.com/gaming/games/pr?sid=4rr%2Cfa6&otracker=categorytree%2F&page=9,TV Video Game - 98000 IN 1 Video Game - TV / PC Game Co...,4.3,₹549
https://www.flipkart.com/gaming/games/pr?sid=4rr%2Cfa6&otracker=categorytree%2F&page=9,Call of Duty: Modern Warfare 2 Download code only(No CD...,4.8,"₹1,299"
https://www.flipkart.com/gaming/games/pr?sid=4rr%2Cfa6&otracker=categorytree%2F&page=9,Just Cause 4 (Steelbook Edition),3.1,"₹1,390"
https://www.flipkart.com/gaming/games/pr?sid=4rr%2Cfa6&otracker=categorytree%2F&page=9,Cities Skylines ( City construction ) Video Game,3.2,₹494
https://www.flipkart.com/gaming/games/pr?sid=4rr%2Cfa6&otracker=categorytree%2F&page=9,Assassin's Creed Odyssey (Standard),4.2,"₹1,419"
https://www.flipkart.com/gaming/games/pr?sid=4rr%2Cfa6&otracker=categorytree%2F&page=9,IGI 2 Covert Strike game for pc ( 1 DVD in the box ),4.2,₹290
https://www.flipkart.com/gaming/games/pr?sid=4rr%2Cfa6&otracker=categorytree%2F&page=9,Lords Of Fallen,4.3,"₹3,990"
https://www.flipkart.com/gaming/games/pr?sid=4rr%2Cfa6&otracker=categorytree%2F&page=9,PS5 Game HITMAN 3,4.6,"₹3,899"
https://www.flipkart.com/gaming/games/pr?sid=4rr%2Cfa6&otracker=categorytree%2F&page=9,CSI: Crime Scene Investigation (Complete Edition),4.9,₹399
https://www.flipkart.com/gaming/games/pr?sid=4rr%2Cfa6&otracker=categorytree%2F&page=9,98000 in 1 Video Games Plugs Into Any Tv for Instant Ga...,5,₹649
https://www.flipkart.com/gaming/games/pr?sid=4rr%2Cfa6&otracker=categorytree%2F&page=9,The Sims 4 Get Together,3.6,"₹1,789"
https://www.flipkart.com/gaming/games/pr?sid=4rr%2Cfa6&otracker=categorytree%2F&page=9,Far Cry Primal (Standard),4.1,"₹1,399"
https://www.flipkart.com/gaming/games/pr?sid=4rr%2Cfa6&otracker=categorytree%2F&page=9,American Truck Simulator,4.4,₹499
https://www.flipkart.com/gaming/games/pr?sid=4rr%2Cfa6&otracker=categorytree%2F&page=9,Metal Gear Solid V: The Definitive Experience,5,"₹1,590"
https://www.flipkart.com/gaming/games/pr?sid=4rr%2Cfa6&otracker=categorytree%2F&page=9,Need for Speed : Hot Pursuit Remastered (Standard),4.7,"₹2,299"
https://www.flipkart.com/gaming/games/pr?sid=4rr%2Cfa6&otracker=categorytree%2F&page=9,Hellblade Senua's Sacrifice,4.3,"₹2,490"
https://www.flipkart.com/gaming/games/pr?sid=4rr%2Cfa6&otracker=categorytree%2F&page=9,Latest PVP BLUE COLOR GAMING CONSOLE WITH 3D SOUND 1 GB...,3.2,₹949
https://www.flipkart.com/gaming/games/pr?sid=4rr%2Cfa6&otracker=categorytree%2F&page=9,UFC 4 for PS4 (Standard),4.5,"₹3,950"
https://www.flipkart.com/gaming/games/pr?sid=4rr%2Cfa6&otracker=categorytree%2F&page=9,Call of Duty: Modern Warfare 3,4.3,₹809
https://www.flipkart.com/gaming/games/pr?sid=4rr%2Cfa6&otracker=categorytree%2F&page=9,Killzone: Shadowfall,3.7,"₹1,590"
https://www.flipkart.com/gaming/games/pr?sid=4rr%2Cfa6&otracker=categorytree%2F&page=9,LEGO Batman 3 Beyond Gotham ( Kids Video Game),3.7,₹269
https://www.flipkart.com/gaming/games/pr?sid=4rr%2Cfa6&otracker=categorytree%2F&page=9,Latest 620 Video Game - TV Video Game 1 GB with Super M...,4.3,"₹1,299"
https://www.flipkart.com/gaming/games/pr?sid=4rr%2Cfa6&otracker=categorytree%2F&page=9,Devil May Cry 3 (Standard),3.2,₹300
https://www.flipkart.com/gaming/games/pr?sid=4rr%2Cfa6&otracker=categorytree%2F&page=9,98000 Game IN 1 - PC / TV Video Game Console 1 GB with ...,4.4,₹549
https://www.flipkart.com/gaming/games/pr?sid=4rr%2Cfa6&otracker=categorytree%2F&page=9,Dragon Age : Inquisition,4.6,"₹1,790"
https://www.flipkart.com/gaming/games/pr?sid=4rr%2Cfa6&otracker=categorytree%2F&page=9,F.E.A.R. Bundle Bundle Edition with Game and Expansion ...,4.3,₹305
https://www.flipkart.com/gaming/games/pr?sid=4rr%2Cfa6&otracker=categorytree%2F&page=10,Little Big Planet 3,4.1,"₹1,790"
https://www.flipkart.com/gaming/games/pr?sid=4rr%2Cfa6&otracker=categorytree%2F&page=10,Don Bradman Cricket 17,4.1,"₹1,990"
https://www.flipkart.com/gaming/games/pr?sid=4rr%2Cfa6&otracker=categorytree%2F&page=10,Sekiro Shadow Die Twice (Standard),4.4,"₹3,790"
https://www.flipkart.com/gaming/games/pr?sid=4rr%2Cfa6&otracker=categorytree%2F&page=10,Ben 10: Alien Force,3.6,₹999
https://www.flipkart.com/gaming/games/pr?sid=4rr%2Cfa6&otracker=categorytree%2F&page=10,Gamez Hub God of War Action Adventure & Fighting & Shoo...,3,₹290
https://www.flipkart.com/gaming/games/pr?sid=4rr%2Cfa6&otracker=categorytree%2F&page=10,Little Nightmares,4,"₹2,490"
https://www.flipkart.com/gaming/games/pr?sid=4rr%2Cfa6&otracker=categorytree%2F&page=10,Farming Simulator 2013 Titanium Edition,3.3,₹493
https://www.flipkart.com/gaming/games/pr?sid=4rr%2Cfa6&otracker=categorytree%2F&page=10,The Serious Sam 3: BFE Edition,4,₹440
https://www.flipkart.com/gaming/games/pr?sid=4rr%2Cfa6&otracker=categorytree%2F&page=10,Tom Clancy's Ghost Recon Breakpoint (for PS4) (Standard...,3.6,"₹1,190"
https://www.flipkart.com/gaming/games/pr?sid=4rr%2Cfa6&otracker=categorytree%2F&page=10,counter strike source pc game offlie (standard),4.1,₹350
https://www.flipkart.com/gaming/games/pr?sid=4rr%2Cfa6&otracker=categorytree%2F&page=10,Assassin's Creed Chronicles,3.7,"₹1,490"
https://www.flipkart.com/gaming/games/pr?sid=4rr%2Cfa6&otracker=categorytree%2F&page=10,Latest Video Game Player - Extreme Mini Game Box Wirele...,4.2,"₹1,999"
https://www.flipkart.com/gaming/games/pr?sid=4rr%2Cfa6&otracker=categorytree%2F&page=10,Assassin's Creed Unity,3.8,₹584
https://www.flipkart.com/gaming/games/pr?sid=4rr%2Cfa6&otracker=categorytree%2F&page=10,Call of Duty Modern warfare 3 Steam Key,4.2,₹999
https://www.flipkart.com/gaming/games/pr?sid=4rr%2Cfa6&otracker=categorytree%2F&page=10,Latest Wired Kids 620 Classic TV Video Game with 1 GB S...,4.9,"₹1,299"
https://www.flipkart.com/gaming/games/pr?sid=4rr%2Cfa6&otracker=categorytree%2F&page=10,Sniper Ghost Warrior 2 ( Shooting Video Game),3.5,₹359
https://www.flipkart.com/gaming/games/pr?sid=4rr%2Cfa6&otracker=categorytree%2F&page=10,Battlefield : Bad Company 2,3.8,"₹1,299"
https://www.flipkart.com/gaming/games/pr?sid=4rr%2Cfa6&otracker=categorytree%2F&page=10,FIFA 14 (for PS3),4.5,₹760
https://www.flipkart.com/gaming/games/pr?sid=4rr%2Cfa6&otracker=categorytree%2F&page=10,FIFA 15,4.3,₹335
https://www.flipkart.com/gaming/games/pr?sid=4rr%2Cfa6&otracker=categorytree%2F&page=10,Newest Extreme Mini Game Box - Handheld Video Game Play...,3.8,"₹1,999"
https://www.flipkart.com/gaming/games/pr?sid=4rr%2Cfa6&otracker=categorytree%2F&page=10,Latest Plug and Play Video Game AK-2521D Video Game - (...,4.3,₹699
https://www.flipkart.com/gaming/games/pr?sid=4rr%2Cfa6&otracker=categorytree%2F&page=10,Dark Souls: Remastered,3.6,"₹2,490"
https://www.flipkart.com/gaming/games/pr?sid=4rr%2Cfa6&otracker=categorytree%2F&page=10,Resident Evil 7: Biohazard,3.9,"₹1,990"
https://www.flipkart.com/gaming/games/pr?sid=4rr%2Cfa6&otracker=categorytree%2F&page=10,Cricket 19 (Int. Edition.),4.5,"₹2,299"
https://www.flipkart.com/gaming/games/pr?sid=4rr%2Cfa6&otracker=categorytree%2F&page=10,Need for Speed: Most Wanted Top Racing Game (Offline On...,4,₹230
https://www.flipkart.com/gaming/games/pr?sid=4rr%2Cfa6&otracker=categorytree%2F&page=10,Diablo III : Reaper of Souls (Ultimate Evil Edition),4.5,"₹3,490"
https://www.flipkart.com/gaming/games/pr?sid=4rr%2Cfa6&otracker=categorytree%2F&page=10,Grand Theft Auto V - Premium Edition (Premium Edition),4,"₹1,755"
https://www.flipkart.com/gaming/games/pr?sid=4rr%2Cfa6&otracker=categorytree%2F&page=10,Medievil PS4 Sony Playstation Game (1),4.2,₹899
https://www.flipkart.com/gaming/games/pr?sid=4rr%2Cfa6&otracker=categorytree%2F&page=10,98000 Game IN 1 Video Game Pad Built In TV LED Game Dir...,3.6,₹649
https://www.flipkart.com/gaming/games/pr?sid=4rr%2Cfa6&otracker=categorytree%2F&page=10,Resident Evil 5 ( Zombie & Horror ) Video Game,4.4,₹449
https://www.flipkart.com/gaming/games/pr?sid=4rr%2Cfa6&otracker=categorytree%2F&page=11,Mass Effect: Andromeda,4.1,₹990
https://www.flipkart.com/gaming/games/pr?sid=4rr%2Cfa6&otracker=categorytree%2F&page=11,Extreme Mini Game Box - Newest Video Game Player for ki...,3,"₹1,999"
https://www.flipkart.com/gaming/games/pr?sid=4rr%2Cfa6&otracker=categorytree%2F&page=11,Sleeping Dogs Online,4,₹239
https://www.flipkart.com/gaming/games/pr?sid=4rr%2Cfa6&otracker=categorytree%2F&page=11,Max Payne 2 & IGI 2 Combo (Standard),4.4,₹300
https://www.flipkart.com/gaming/games/pr?sid=4rr%2Cfa6&otracker=categorytree%2F&page=11,Batman: The Telltale Series,3.9,₹949
https://www.flipkart.com/gaming/games/pr?sid=4rr%2Cfa6&otracker=categorytree%2F&page=11,Monster Hunter: Worlds,4.6,"₹2,490"
https://www.flipkart.com/gaming/games/pr?sid=4rr%2Cfa6&otracker=categorytree%2F&page=11,Assassin's Creed Origins (Standard),4.1,"₹1,690"
https://www.flipkart.com/gaming/games/pr?sid=4rr%2Cfa6&otracker=categorytree%2F&page=11,Stalker Call of Pripyat ( Video Game ),4.6,₹179
https://www.flipkart.com/gaming/games/pr?sid=4rr%2Cfa6&otracker=categorytree%2F&page=11,WWE 2K20 (PS4) (2k19),3,"₹2,190"
https://www.flipkart.com/gaming/games/pr?sid=4rr%2Cfa6&otracker=categorytree%2F&page=11,Death Stranding,4.3,"₹1,990"
https://www.flipkart.com/gaming/games/pr?sid=4rr%2Cfa6&otracker=categorytree%2F&page=11,98000 Video Game IN 1 - TV / PC Game Console 1 GB with ...,3.9,₹549
https://www.flipkart.com/gaming/games/pr?sid=4rr%2Cfa6&otracker=categorytree%2F&page=11,Sid Meier's Civilization : Beyond Earth,3.3,₹199
https://www.flipkart.com/gaming/games/pr?sid=4rr%2Cfa6&otracker=categorytree%2F&page=11,Batman Arkham City Video Game,4.2,₹224
https://www.flipkart.com/gaming/games/pr?sid=4rr%2Cfa6&otracker=categorytree%2F&page=11,"Destiny (Games, PS4)",4.5,₹990
https://www.flipkart.com/gaming/games/pr?sid=4rr%2Cfa6&otracker=categorytree%2F&page=11,Plants vs. Zombies Game of the Year Edition Game Of The...,4.4,₹583
https://www.flipkart.com/gaming/games/pr?sid=4rr%2Cfa6&otracker=categorytree%2F&page=11,Persona 5 - PlayStation 3 Standard Edition (PS3) (DVD),4.6,"₹2,490"
https://www.flipkart.com/gaming/games/pr?sid=4rr%2Cfa6&otracker=categorytree%2F&page=11,Train Simulator 2016 London to Brighton (PC DVD) Enhanc...,4.2,₹699
https://www.flipkart.com/gaming/games/pr?sid=4rr%2Cfa6&otracker=categorytree%2F&page=11,Metro Exodus,3.7,"₹1,990"
https://www.flipkart.com/gaming/games/pr?sid=4rr%2Cfa6&otracker=categorytree%2F&page=11,Angry Birds: Rio,3.6,₹200
https://www.flipkart.com/gaming/games/pr?sid=4rr%2Cfa6&otracker=categorytree%2F&page=11,CALL OF DUTY 4 MODREN WARFARE (OFFICIAL PC GAME),3.8,₹450
https://www.flipkart.com/gaming/games/pr?sid=4rr%2Cfa6&otracker=categorytree%2F&page=11,The Witcher 3 : Wild Hunt,3.3,"₹1,990"
https://www.flipkart.com/gaming/games/pr?sid=4rr%2Cfa6&otracker=categorytree%2F&page=11,Demon's Souls,3.6,"₹4,228"
https://www.flipkart.com/gaming/games/pr?sid=4rr%2Cfa6&otracker=categorytree%2F&page=11,Pro Evolution Soccer 2016 (Anniversary Edition),4.8,₹990
https://www.flipkart.com/gaming/games/pr?sid=4rr%2Cfa6&otracker=categorytree%2F&page=11,Bioshock : Infinite,3.4,"₹1,290"
https://www.flipkart.com/gaming/games/pr?sid=4rr%2Cfa6&otracker=categorytree%2F&page=11,Mortal Kombat X Premium Edition,4,"₹1,089"
https://www.flipkart.com/gaming/games/pr?sid=4rr%2Cfa6&otracker=categorytree%2F&page=11,220 Plug N Play Video Games for Kids - 220 Different TV...,4.7,₹699
https://www.flipkart.com/gaming/games/pr?sid=4rr%2Cfa6&otracker=categorytree%2F&page=11,The Sims 4 Get To Work with Game and Expansion Pack,3.6,"₹1,789"
https://www.flipkart.com/gaming/games/pr?sid=4rr%2Cfa6&otracker=categorytree%2F&page=11,Car Mechanic Simulator 2015 -Digital Code,4.2,₹289
https://www.flipkart.com/gaming/games/pr?sid=4rr%2Cfa6&otracker=categorytree%2F&page=11,Resident Evil Origins Collection,4.4,"₹1,999"
https://www.flipkart.com/gaming/games/pr?sid=4rr%2Cfa6&otracker=categorytree%2F&page=11,Call of Duty: Black Ops 4,4.5,"₹3,200"
https://www.flipkart.com/gaming/games/pr?sid=4rr%2Cfa6&otracker=categorytree%2F&page=11,Battlefield 2,4.1,₹350
https://www.flipkart.com/gaming/games/pr?sid=4rr%2Cfa6&otracker=categorytree%2F&page=12,Assassin's Creed Odyssey,4.5,"₹1,990"
https://www.flipkart.com/gaming/games/pr?sid=4rr%2Cfa6&otracker=categorytree%2F&page=12,Watch Dogs Legion (Resistance Edition),4.3,"₹2,990"
https://www.flipkart.com/gaming/games/pr?sid=4rr%2Cfa6&otracker=categorytree%2F&page=12,Extreme Mini Game Box - 620 TV Video Games with Dual Wi...,4.4,"₹1,099"
https://www.flipkart.com/gaming/games/pr?sid=4rr%2Cfa6&otracker=categorytree%2F&page=12,Nioh 2,4.1,"₹1,706"
https://www.flipkart.com/gaming/games/pr?sid=4rr%2Cfa6&otracker=categorytree%2F&page=12,Jump Force PS4 (NORMAL),4.9,"₹2,290"
https://www.flipkart.com/gaming/games/pr?sid=4rr%2Cfa6&otracker=categorytree%2F&page=12,DragonBall Fighter Z,3.2,"₹1,990"
https://www.flipkart.com/gaming/games/pr?sid=4rr%2Cfa6&otracker=categorytree%2F&page=12,Control (Ultimate),3.4,"₹2,999"
https://www.flipkart.com/gaming/games/pr?sid=4rr%2Cfa6&otracker=categorytree%2F&page=12,SpiderMan Shattered Dimensions (Digital Download) Gold ...,4.5,₹899
https://www.flipkart.com/gaming/games/pr?sid=4rr%2Cfa6&otracker=categorytree%2F&page=12,Thief,4.2,₹885
https://www.flipkart.com/gaming/games/pr?sid=4rr%2Cfa6&otracker=categorytree%2F&page=12,Tom Clancy's Rainbow Six : Siege,3.6,₹499
https://www.flipkart.com/gaming/games/pr?sid=4rr%2Cfa6&otracker=categorytree%2F&page=12,Euro Truck Simulator 2 - Scandinavia with Game and Expa...,4.6,₹440
https://www.flipkart.com/gaming/games/pr?sid=4rr%2Cfa6&otracker=categorytree%2F&page=12,Murdered : Soul Suspect,3.7,"₹1,490"
https://www.flipkart.com/gaming/games/pr?sid=4rr%2Cfa6&otracker=categorytree%2F&page=12,Resident Evil online,4.8,₹269
https://www.flipkart.com/gaming/games/pr?sid=4rr%2Cfa6&otracker=categorytree%2F&page=12,FIFA 19,4.2,"₹1,099"
https://www.flipkart.com/gaming/games/pr?sid=4rr%2Cfa6&otracker=categorytree%2F&page=12,Battlefield 1 PC Origin Download code only (No CD/DVD),4.8,"₹1,790"
https://www.flipkart.com/gaming/games/pr?sid=4rr%2Cfa6&otracker=categorytree%2F&page=12,Watch Dogs 2 (Standard),4.4,"₹1,399"
https://www.flipkart.com/gaming/games/pr?sid=4rr%2Cfa6&otracker=categorytree%2F&page=12,The LEGO Movie 2 Videogame,4.5,"₹1,749"
https://www.flipkart.com/gaming/games/pr?sid=4rr%2Cfa6&otracker=categorytree%2F&page=12,Doom 3 BFG Edition,4.5,₹213
https://www.flipkart.com/gaming/games/pr?sid=4rr%2Cfa6&otracker=categorytree%2F&page=12,AVATAR-THE GAME,3.8,₹450
https://www.flipkart.com/gaming/games/pr?sid=4rr%2Cfa6&otracker=categorytree%2F&page=12,Nintendo eShop Card $20 USD,4.9,"₹2,299"
https://www.flipkart.com/gaming/games/pr?sid=4rr%2Cfa6&otracker=categorytree%2F&page=12,Injustice 2,4.3,₹764
https://www.flipkart.com/gaming/games/pr?sid=4rr%2Cfa6&otracker=categorytree%2F&page=12,Outlast 2,3.4,₹899
https://www.flipkart.com/gaming/games/pr?sid=4rr%2Cfa6&otracker=categorytree%2F&page=12,SimCity 4 Deluxe Edition with Expansion Pack Only,3.7,"₹1,499"
https://www.flipkart.com/gaming/games/pr?sid=4rr%2Cfa6&otracker=categorytree%2F&page=12,Battlefield V (5),4.5,"₹1,299"
https://www.flipkart.com/gaming/games/pr?sid=4rr%2Cfa6&otracker=categorytree%2F&page=12,Tom Clancy's Rainbow Six Siege,4.4,₹620
https://www.flipkart.com/gaming/games/pr?sid=4rr%2Cfa6&otracker=categorytree%2F&page=12,Extreme Mini Game Box 620 Games AV-Out TV Video Game Pl...,4.3,"₹1,099"
https://www.flipkart.com/gaming/games/pr?sid=4rr%2Cfa6&otracker=categorytree%2F&page=12,Call of Duty : Advanced Warfare (Standard),4.3,"₹1,490"
https://www.flipkart.com/gaming/games/pr?sid=4rr%2Cfa6&otracker=categorytree%2F&page=12,Hitman: Blood Money ( Shooting Game ),4.6,₹269
https://www.flipkart.com/gaming/games/pr?sid=4rr%2Cfa6&otracker=categorytree%2F&page=13,FIFA 17,4.5,₹490
https://www.flipkart.com/gaming/games/pr?sid=4rr%2Cfa6&otracker=categorytree%2F&page=13,Red Dead Redemption 2 Rockstar,3.4,"₹2,199"
https://www.flipkart.com/gaming/games/pr?sid=4rr%2Cfa6&otracker=categorytree%2F&page=13,THE GODFATHER THE GAME FULL GAME PLAYSTATION 2 (PS2 ) (...,3.2,₹500
https://www.flipkart.com/gaming/games/pr?sid=4rr%2Cfa6&otracker=categorytree%2F&page=13,Forza Horizon 4 Launch Edition (Digital Download) Limit...,4.2,"₹1,510"
https://www.flipkart.com/gaming/games/pr?sid=4rr%2Cfa6&otracker=categorytree%2F&page=13,FIFA 21 Games For PC,4,"₹3,299"
https://www.flipkart.com/gaming/games/pr?sid=4rr%2Cfa6&otracker=categorytree%2F&page=13,Call Of Duty 4: Modern Warfare Pc/Mac -Digital Code,3.7,"₹1,499"
https://www.flipkart.com/gaming/games/pr?sid=4rr%2Cfa6&otracker=categorytree%2F&page=13,Resident Evil 6,4.1,"₹1,690"
https://www.flipkart.com/gaming/games/pr?sid=4rr%2Cfa6&otracker=categorytree%2F&page=13,WWE 2K BATTLE GROUNDS (Standard),3.2,"₹2,400"
https://www.flipkart.com/gaming/games/pr?sid=4rr%2Cfa6&otracker=categorytree%2F&page=13,Battlefield: Bad Company 2,4.5,₹189
https://www.flipkart.com/gaming/games/pr?sid=4rr%2Cfa6&otracker=categorytree%2F&page=13,Borderlands 3 (PS4) (Standard),4.3,"₹1,490"
https://www.flipkart.com/gaming/games/pr?sid=4rr%2Cfa6&otracker=categorytree%2F&page=13,98800 in 1 Video Game Pad Direct AV Inputs Single Playe...,4.8,₹499
https://www.flipkart.com/gaming/games/pr?sid=4rr%2Cfa6&otracker=categorytree%2F&page=13,Overwatch (Origins Edition),4.4,"₹3,990"
https://www.flipkart.com/gaming/games/pr?sid=4rr%2Cfa6&otracker=categorytree%2F&page=13,Tomb Raider Underworld Video Game,3.9,₹269
https://www.flipkart.com/gaming/games/pr?sid=4rr%2Cfa6&otracker=categorytree%2F&page=13,L.A. Noire,4.3,"₹1,490"
https://www.flipkart.com/gaming/games/pr?sid=4rr%2Cfa6&otracker=categorytree%2F&page=13,SONY PS4 MARVEL'S SPIDER MAN,3.9,"₹1,650"
https://www.flipkart.com/gaming/games/pr?sid=4rr%2Cfa6&otracker=categorytree%2F&page=13,LEGO pirates of the Caribbean (STANDARD),4.6,₹290
https://www.flipkart.com/gaming/games/pr?sid=4rr%2Cfa6&otracker=categorytree%2F&page=13,Rocket League (Collector's Edition),4.2,"₹1,999"
https://www.flipkart.com/gaming/games/pr?sid=4rr%2Cfa6&otracker=categorytree%2F&page=13,99000 in 1 Video Game Pad Built in TV Video Game Birthd...,4.8,₹599
https://www.flipkart.com/gaming/games/pr?sid=4rr%2Cfa6&otracker=categorytree%2F&page=13,METAL GEAR SOLID 3 SUBSISTENCE FULL GAME PLAYSTATION 2 ...,3.9,₹500
https://www.flipkart.com/gaming/games/pr?sid=4rr%2Cfa6&otracker=categorytree%2F&page=13,The Sims 4,4.3,₹579
https://www.flipkart.com/gaming/games/pr?sid=4rr%2Cfa6&otracker=categorytree%2F&page=13,Battlefield 1,3.7,₹629
https://www.flipkart.com/gaming/games/pr?sid=4rr%2Cfa6&otracker=categorytree%2F&page=13,Dragon Ball Xenoverse -Digital Code,4,₹269
https://www.flipkart.com/gaming/games/pr?sid=4rr%2Cfa6&otracker=categorytree%2F&page=13,Prince of Persia Two Thrones & the sands of time combo ...,4.4,₹300
https://www.flipkart.com/gaming/games/pr?sid=4rr%2Cfa6&otracker=categorytree%2F&page=13,Extreme Mini 4K HD Video Game Player Wireless Handheld ...,4.5,"₹1,099"
https://www.flipkart.com/gaming/games/pr?sid=4rr%2Cfa6&otracker=categorytree%2F&page=13,Dishonored 2 ,3.4,₹649
https://www.flipkart.com/gaming/games/pr?sid=4rr%2Cfa6&otracker=categorytree%2F&page=13,Nioh,4.3,"₹1,790"
https://www.flipkart.com/gaming/games/pr?sid=4rr%2Cfa6&otracker=categorytree%2F&page=13,Assassin's Creed - Syndicate,3.7,"₹1,790"
https://www.flipkart.com/gaming/games/pr?sid=4rr%2Cfa6&otracker=categorytree%2F&page=13,The Division 2,3.9,"₹1,090"
https://www.flipkart.com/gaming/games/pr?sid=4rr%2Cfa6&otracker=categorytree%2F&page=13,Latest Wireless video game 2.4G Dual Wireless Game Cont...,3.2,"₹1,099"
https://www.flipkart.com/gaming/games/pr?sid=4rr%2Cfa6&otracker=categorytree%2F&page=13,Battlefield Hardline Digital Edition,4.2,₹350
https://www.flipkart.com/gaming/games/pr?sid=4rr%2Cfa6&otracker=categorytree%2F&page=13,SPIDER MAN-3 (STANDARD),4.2,₹290
https://www.flipkart.com/gaming/games/pr?sid=4rr%2Cfa6&otracker=categorytree%2F&page=14,Vlad the Impaler,4,₹197
https://www.flipkart.com/gaming/games/pr?sid=4rr%2Cfa6&otracker=categorytree%2F&page=14,Extreme Mini Game Box Retro TV Video Games Players Wire...,3.5,"₹1,099"
https://www.flipkart.com/gaming/games/pr?sid=4rr%2Cfa6&otracker=categorytree%2F&page=14,Batman: Arkham Knight,3.6,₹349
https://www.flipkart.com/gaming/games/pr?sid=4rr%2Cfa6&otracker=categorytree%2F&page=14,Need For Speed: Undercover,4.4,"₹1,090"
https://www.flipkart.com/gaming/games/pr?sid=4rr%2Cfa6&otracker=categorytree%2F&page=14,Metal Gear Solid V : Ground Zeroes,4.3,"₹1,290"
https://www.flipkart.com/gaming/games/pr?sid=4rr%2Cfa6&otracker=categorytree%2F&page=14,Heavy Rain and Beyond: Two Souls,4.2,"₹2,490"
https://www.flipkart.com/gaming/games/pr?sid=4rr%2Cfa6&otracker=categorytree%2F&page=14,Tom Clancy's Rainbow Six Siege,4.2,"₹1,590"
https://www.flipkart.com/gaming/games/pr?sid=4rr%2Cfa6&otracker=categorytree%2F&page=14,FIFA 17 PC,3.8,₹809
https://www.flipkart.com/gaming/games/pr?sid=4rr%2Cfa6&otracker=categorytree%2F&page=14,Wipeout: Omega Collection,4.2,"₹2,499"
https://www.flipkart.com/gaming/games/pr?sid=4rr%2Cfa6&otracker=categorytree%2F&page=14,Metro Redux,3.2,"₹2,290"
https://www.flipkart.com/gaming/games/pr?sid=4rr%2Cfa6&otracker=categorytree%2F&page=14,BATTLEFIELD 3 PREMIUM EDITION Premium Edition with Game...,3.9,₹799
https://www.flipkart.com/gaming/games/pr?sid=4rr%2Cfa6&otracker=categorytree%2F&page=14,LEGO Jurassic World,3,₹332
https://www.flipkart.com/gaming/games/pr?sid=4rr%2Cfa6&otracker=categorytree%2F&page=14,98000 IN 1 Video Game - TV Video Game Direct AV Inputs ...,4.6,₹549
https://www.flipkart.com/gaming/games/pr?sid=4rr%2Cfa6&otracker=categorytree%2F&page=14,Burnout paradise game ( for PC ) ( 1 DVD In The Box ) c...,4.6,₹290
https://www.flipkart.com/gaming/games/pr?sid=4rr%2Cfa6&otracker=categorytree%2F&page=14,PS3 Fifa 13,3.4,₹499
https://www.flipkart.com/gaming/games/pr?sid=4rr%2Cfa6&otracker=categorytree%2F&page=14,Prince Of Persia: The Two Thrones (Special Edition) (Sp...,5,₹290
https://www.flipkart.com/gaming/games/pr?sid=4rr%2Cfa6&otracker=categorytree%2F&page=14,NieR: Automata (Game of the Year Edition),3,"₹2,490"
https://www.flipkart.com/gaming/games/pr?sid=4rr%2Cfa6&otracker=categorytree%2F&page=14,Fallout 4,3,₹538
https://www.flipkart.com/gaming/games/pr?sid=4rr%2Cfa6&otracker=categorytree%2F&page=14,Dragon Ball: Xenoverse 2 ,4.2,₹629
https://www.flipkart.com/gaming/games/pr?sid=4rr%2Cfa6&otracker=categorytree%2F&page=14,Dying Light: The Following - Enhanced Edition Enhanced ...,3.5,₹890
https://www.flipkart.com/gaming/games/pr?sid=4rr%2Cfa6&otracker=categorytree%2F&page=14,AOKO 103000 IN 1 Two Player Video Game pad Built-In 103...,3.8,₹855
https://www.flipkart.com/gaming/games/pr?sid=4rr%2Cfa6&otracker=categorytree%2F&page=14,Tom Clancy Hawx,3.2,₹590
https://www.flipkart.com/gaming/games/pr?sid=4rr%2Cfa6&otracker=categorytree%2F&page=14,98000 IN 1 Video Game - TV Game Direct AV Inputs Shooti...,4.2,₹549
https://www.flipkart.com/gaming/games/pr?sid=4rr%2Cfa6&otracker=categorytree%2F&page=14,Final Fantasy XIV Online Starter Pack (Starter�Edition),4.5,₹795
https://www.flipkart.com/gaming/games/pr?sid=4rr%2Cfa6&otracker=categorytree%2F&page=14,Armored Core: Verdict Day,4.1,₹499
https://www.flipkart.com/gaming/games/pr?sid=4rr%2Cfa6&otracker=categorytree%2F&page=14,WWE 2K17,4.3,"₹2,290"
https://www.flipkart.com/gaming/games/pr?sid=4rr%2Cfa6&otracker=categorytree%2F&page=14,Prince of Persia Top 5 Full Game Combo (Offline Only) (...,4.2,₹710
https://www.flipkart.com/gaming/games/pr?sid=4rr%2Cfa6&otracker=categorytree%2F&page=14,Euro Truck Simulator 2 - Special Transport,3,₹509
https://www.flipkart.com/gaming/games/pr?sid=4rr%2Cfa6&otracker=categorytree%2F&page=14,Mortal Kombat: Komplete Edition with Game and Expansion...,3,₹479
https://www.flipkart.com/gaming/games/pr?sid=4rr%2Cfa6&otracker=categorytree%2F&page=14,Lego Batman 3 : Beyond Gotham,3.2,"₹1,790"
https://www.flipkart.com/gaming/games/pr?sid=4rr%2Cfa6&otracker=categorytree%2F&page=14,Nier Replicant (Standard),4.3,"₹3,299"
https://www.flipkart.com/gaming/games/pr?sid=4rr%2Cfa6&otracker=categorytree%2F&page=15,Sonic's Ultimate Genesis Collection,4.2,"₹1,790"
https://www.flipkart.com/gaming/games/pr?sid=4rr%2Cfa6&otracker=categorytree%2F&page=15,Star Wars Battlefront 2,5,₹629
https://www.flipkart.com/gaming/games/pr?sid=4rr%2Cfa6&otracker=categorytree%2F&page=15,TRUE CRIME NEW YORK CITY FULL GAME PS2 (STANDARD),3.8,₹500
https://www.flipkart.com/gaming/games/pr?sid=4rr%2Cfa6&otracker=categorytree%2F&page=15,Hitman 2 Steam Edition,4.3,"₹1,399"
https://www.flipkart.com/gaming/games/pr?sid=4rr%2Cfa6&otracker=categorytree%2F&page=15,Wolfenstein : The Old Blood,4.8,"₹1,190"
https://www.flipkart.com/gaming/games/pr?sid=4rr%2Cfa6&otracker=categorytree%2F&page=15,Batman Arkham Origins Region Free (standard region free...,3.8,"₹1,499"
https://www.flipkart.com/gaming/games/pr?sid=4rr%2Cfa6&otracker=categorytree%2F&page=15,Star Wars Battlefront,3.8,"₹1,299"
https://www.flipkart.com/gaming/games/pr?sid=4rr%2Cfa6&otracker=categorytree%2F&page=15,Dirt: Showdown ( Car Racing ) Video Game,3.1,"₹2,499"
https://www.flipkart.com/gaming/games/pr?sid=4rr%2Cfa6&otracker=categorytree%2F&page=15,Call of Duty 2,4.9,₹699
https://www.flipkart.com/gaming/games/pr?sid=4rr%2Cfa6&otracker=categorytree%2F&page=15,World Of Warcraft Battle Chest,4.6,"₹1,590"
https://www.flipkart.com/gaming/games/pr?sid=4rr%2Cfa6&otracker=categorytree%2F&page=15,Assassin's Creed III,5,₹494
https://www.flipkart.com/gaming/games/pr?sid=4rr%2Cfa6&otracker=categorytree%2F&page=15,Namco Bandai Entertainment Digimon Story Cyber Sleuth H...,4.4,"₹2,790"
https://www.flipkart.com/gaming/games/pr?sid=4rr%2Cfa6&otracker=categorytree%2F&page=15,Dragon Age Inquisition,4.2,₹699
https://www.flipkart.com/gaming/games/pr?sid=4rr%2Cfa6&otracker=categorytree%2F&page=15,Persona 5,4.3,"₹2,490"
https://www.flipkart.com/gaming/games/pr?sid=4rr%2Cfa6&otracker=categorytree%2F&page=15,Doom Eternal PC,4.5,"₹1,699"
https://www.flipkart.com/gaming/games/pr?sid=4rr%2Cfa6&otracker=categorytree%2F&page=15,Clubics New PVP Portable Video Game console 1 GB with S...,3.7,₹949
https://www.flipkart.com/gaming/games/pr?sid=4rr%2Cfa6&otracker=categorytree%2F&page=15,Batman: Arkham Origins ONLY FOR PS3,4,"₹1,290"
https://www.flipkart.com/gaming/games/pr?sid=4rr%2Cfa6&otracker=categorytree%2F&page=15,max payne 2 & ben 10 power trip PC GAME FOR PC (STANDAR...,4.2,₹350
https://www.flipkart.com/gaming/games/pr?sid=4rr%2Cfa6&otracker=categorytree%2F&page=15,Middle-Earth Shadow Of Mordor,3.5,"₹1,499"
https://www.flipkart.com/gaming/games/pr?sid=4rr%2Cfa6&otracker=categorytree%2F&page=15,NFS Hot Pursuit ( Car Racing ) Computer Game,4,"₹1,299"
https://www.flipkart.com/gaming/games/pr?sid=4rr%2Cfa6&otracker=categorytree%2F&page=15,Formula 1 (F1) 2017,4.1,"₹3,990"
https://www.flipkart.com/gaming/games/pr?sid=4rr%2Cfa6&otracker=categorytree%2F&page=15,Newest Extreme Mini Game Box - Video Game Player (620 G...,4.2,"₹1,699"
https://www.flipkart.com/gaming/games/pr?sid=4rr%2Cfa6&otracker=categorytree%2F&page=15,The Walking Dead: Season Two,3.9,₹609
https://www.flipkart.com/gaming/games/pr?sid=4rr%2Cfa6&otracker=categorytree%2F&page=15,Knack II,3,"₹1,354"
https://www.flipkart.com/gaming/games/pr?sid=4rr%2Cfa6&otracker=categorytree%2F&page=15,Assassin's Creed II,4.3,₹629
https://www.flipkart.com/gaming/games/pr?sid=4rr%2Cfa6&otracker=categorytree%2F&page=15,Ride 3,4.8,₹809
https://www.flipkart.com/gaming/games/pr?sid=4rr%2Cfa6&otracker=categorytree%2F&page=15,Just Cause 3,3.5,"₹1,290"
https://www.flipkart.com/gaming/games/pr?sid=4rr%2Cfa6&otracker=categorytree%2F&page=15,PS4 Far Cry: New Dawn (DUAL),4.9,"₹1,499"
https://www.flipkart.com/gaming/games/pr?sid=4rr%2Cfa6&otracker=categorytree%2F&page=15,L.A. Noire,4.6,₹589
https://www.flipkart.com/gaming/games/pr?sid=4rr%2Cfa6&otracker=categorytree%2F&page=16,007 : Quantum of Solace,3.2,₹999
https://www.flipkart.com/gaming/games/pr?sid=4rr%2Cfa6&otracker=categorytree%2F&page=16,98000 IN 1 Video Game Pad TV Video Game Controller 1 GB...,3.5,₹539
https://www.flipkart.com/gaming/games/pr?sid=4rr%2Cfa6&otracker=categorytree%2F&page=16,The Elder Scrolls V: Skyrim (Special Edition),4.6,"₹1,799"
https://www.flipkart.com/gaming/games/pr?sid=4rr%2Cfa6&otracker=categorytree%2F&page=16,Batman: Arkham Origins,4.3,"₹1,290"
https://www.flipkart.com/gaming/games/pr?sid=4rr%2Cfa6&otracker=categorytree%2F&page=16,PROTOTYPE 2 (4K),4,₹450
https://www.flipkart.com/gaming/games/pr?sid=4rr%2Cfa6&otracker=categorytree%2F&page=16,Cars 2,4.3,"₹1,999"
https://www.flipkart.com/gaming/games/pr?sid=4rr%2Cfa6&otracker=categorytree%2F&page=16,Hitman: Absolution - Elite Edition Ellie Edition,3.2,"₹1,299"
https://www.flipkart.com/gaming/games/pr?sid=4rr%2Cfa6&otracker=categorytree%2F&page=16,Don Bradman Cricket 14,4.2,"₹2,190"
https://www.flipkart.com/gaming/games/pr?sid=4rr%2Cfa6&otracker=categorytree%2F&page=16,Euro Truck Simulator 2 - Vive la France,3.4,₹440
https://www.flipkart.com/gaming/games/pr?sid=4rr%2Cfa6&otracker=categorytree%2F&page=16,Age of Empires III: Complete Collection,3.8,"₹2,989"
https://www.flipkart.com/gaming/games/pr?sid=4rr%2Cfa6&otracker=categorytree%2F&page=16,Far Cry 5 (Deluxe Edition),4.5,"₹2,090"
https://www.flipkart.com/gaming/games/pr?sid=4rr%2Cfa6&otracker=categorytree%2F&page=16,Assassin's Creed: Revelations,4.2,₹349
https://www.flipkart.com/gaming/games/pr?sid=4rr%2Cfa6&otracker=categorytree%2F&page=16,WWE 2K19 (Digital Download) HD Edition,3.8,"₹1,510"
https://www.flipkart.com/gaming/games/pr?sid=4rr%2Cfa6&otracker=categorytree%2F&page=16,PLAYERUNKNOWN'S BATTLEGROUNDS (PS4)- Playstation PLUS R...,4.7,"₹3,700"
https://www.flipkart.com/gaming/games/pr?sid=4rr%2Cfa6&otracker=categorytree%2F&page=16,DRAGON BALL FighterZ,3.8,₹899
https://www.flipkart.com/gaming/games/pr?sid=4rr%2Cfa6&otracker=categorytree%2F&page=16,Thats You!,3.3,₹355
https://www.flipkart.com/gaming/games/pr?sid=4rr%2Cfa6&otracker=categorytree%2F&page=16,Hitman 2,3.1,"₹1,299"
https://www.flipkart.com/gaming/games/pr?sid=4rr%2Cfa6&otracker=categorytree%2F&page=16,Earth Defense Force 2 (Invaders from Planet Space),4.6,"₹2,499"
https://www.flipkart.com/gaming/games/pr?sid=4rr%2Cfa6&otracker=categorytree%2F&page=16,HITMAN III (Digital Download) Legendary Edition,3.5,"₹1,510"
https://www.flipkart.com/gaming/games/pr?sid=4rr%2Cfa6&otracker=categorytree%2F&page=16,Sniper: Ghost Warrior 2,5,₹275
https://www.flipkart.com/gaming/games/pr?sid=4rr%2Cfa6&otracker=categorytree%2F&page=16,Enemy Front,4.1,₹149
https://www.flipkart.com/gaming/games/pr?sid=4rr%2Cfa6&otracker=categorytree%2F&page=16,Spyro Reignited Trilogy,4.3,"₹2,299"
https://www.flipkart.com/gaming/games/pr?sid=4rr%2Cfa6&otracker=categorytree%2F&page=16,Tennis World Tour,4.5,₹809
https://www.flipkart.com/gaming/games/pr?sid=4rr%2Cfa6&otracker=categorytree%2F&page=16,Bioshock & Ben 10 Power Trip PC GAME FOR PC (STANDARD),4.4,₹400
https://www.flipkart.com/gaming/games/pr?sid=4rr%2Cfa6&otracker=categorytree%2F&page=16,The Last Of Us Part II (Standard Edition) (PS4),4.2,"₹2,499"
https://www.flipkart.com/gaming/games/pr?sid=4rr%2Cfa6&otracker=categorytree%2F&page=16,Train Simulator 2016,3.4,₹306
https://www.flipkart.com/gaming/games/pr?sid=4rr%2Cfa6&otracker=categorytree%2F&page=16,SPIDERMAN MILES MORALES PS5 (2020),4.4,"₹3,390"
https://www.flipkart.com/gaming/games/pr?sid=4rr%2Cfa6&otracker=categorytree%2F&page=16,eFootball PES 2020 (Standard),4.4,"₹2,399"
https://www.flipkart.com/gaming/games/pr?sid=4rr%2Cfa6&otracker=categorytree%2F&page=16,FIFA 21 (Champions Edition),4.6,"₹3,999"
https://www.flipkart.com/gaming/games/pr?sid=4rr%2Cfa6&otracker=categorytree%2F&page=16,Star Wars Battlefront II,4.4,"₹1,386"
https://www.flipkart.com/gaming/games/pr?sid=4rr%2Cfa6&otracker=categorytree%2F&page=16,Tomb Raider,3.4,"₹1,990"
https://www.flipkart.com/gaming/games/pr?sid=4rr%2Cfa6&otracker=categorytree%2F&page=16,FIFA Street,4.4,₹999
https://www.flipkart.com/gaming/games/pr?sid=4rr%2Cfa6&otracker=categorytree%2F&page=16,PS3 Playstation Move Heroes (Standard),3.2,"₹1,499"
https://www.flipkart.com/gaming/games/pr?sid=4rr%2Cfa6&otracker=categorytree%2F&page=16,Call of Duty: Advanced Warfare (Gold Edition) (for PS3)...,4.7,"₹1,380"
https://www.flipkart.com/gaming/games/pr?sid=4rr%2Cfa6&otracker=categorytree%2F&page=16,Naruto Shippuden: Ultimate Ninja Storm 4,4.5,₹719
https://www.flipkart.com/gaming/games/pr?sid=4rr%2Cfa6&otracker=categorytree%2F&page=17,Ratchet and Clank (PS4) - PlayStation Hits (Standard),3.7,₹799
https://www.flipkart.com/gaming/games/pr?sid=4rr%2Cfa6&otracker=categorytree%2F&page=17,Fallout 3 Video game Game Of The Year Edition with Game...,3.4,₹449
https://www.flipkart.com/gaming/games/pr?sid=4rr%2Cfa6&otracker=categorytree%2F&page=17,SPIDERMAN MILES MORALES (STANDARD),3.2,"₹3,199"
https://www.flipkart.com/gaming/games/pr?sid=4rr%2Cfa6&otracker=categorytree%2F&page=17,Deus Ex : Mankind Divided (Day One),4.1,₹899
https://www.flipkart.com/gaming/games/pr?sid=4rr%2Cfa6&otracker=categorytree%2F&page=17,Street Cricket : Champions,4.5,₹349
https://www.flipkart.com/gaming/games/pr?sid=4rr%2Cfa6&otracker=categorytree%2F&page=17,WWE 2008 (SmackDown Vs Raw),4.1,"₹1,129"
https://www.flipkart.com/gaming/games/pr?sid=4rr%2Cfa6&otracker=categorytree%2F&page=17,FIFA 21 (Ultimate Edition),4.1,"₹3,999"
https://www.flipkart.com/gaming/games/pr?sid=4rr%2Cfa6&otracker=categorytree%2F&page=17,Call Of Duty black Ops (Digital Download) HD Edition,4.5,₹799
https://www.flipkart.com/gaming/games/pr?sid=4rr%2Cfa6&otracker=categorytree%2F&page=17,Dark Souls III,4.8,"₹1,590"
https://www.flipkart.com/gaming/games/pr?sid=4rr%2Cfa6&otracker=categorytree%2F&page=17,Mafia 2 and Battlefield: Bad Company 2 Top 2 Action Gam...,4.3,₹415
https://www.flipkart.com/gaming/games/pr?sid=4rr%2Cfa6&otracker=categorytree%2F&page=17,Pro Evolution Soccer 2017,3.7,₹890
https://www.flipkart.com/gaming/games/pr?sid=4rr%2Cfa6&otracker=categorytree%2F&page=17,Resident Evil: Revelations,3.9,"₹1,490"
https://www.flipkart.com/gaming/games/pr?sid=4rr%2Cfa6&otracker=categorytree%2F&page=17,NBA 2K19,4.3,"₹1,299"
https://www.flipkart.com/gaming/games/pr?sid=4rr%2Cfa6&otracker=categorytree%2F&page=17,Assassin Creed 3 Video Game,4,₹449
https://www.flipkart.com/gaming/games/pr?sid=4rr%2Cfa6&otracker=categorytree%2F&page=17,Marvel’s Spider-Man: Miles Morales,4.5,"₹3,399"
https://www.flipkart.com/gaming/games/pr?sid=4rr%2Cfa6&otracker=categorytree%2F&page=17,Fallout 4,4.5,"₹1,190"
https://www.flipkart.com/gaming/games/pr?sid=4rr%2Cfa6&otracker=categorytree%2F&page=17,Driver 3 / Driver: Parallel Lines,4.7,₹399
https://www.flipkart.com/gaming/games/pr?sid=4rr%2Cfa6&otracker=categorytree%2F&page=17,The Crew 2,4.1,"₹2,110"
https://www.flipkart.com/gaming/games/pr?sid=4rr%2Cfa6&otracker=categorytree%2F&page=17,Hitman 2: Silent Assassin ( Video Game),4.3,₹314
https://www.flipkart.com/gaming/games/pr?sid=4rr%2Cfa6&otracker=categorytree%2F&page=17,Jump Force,4.4,"₹2,290"
https://www.flipkart.com/gaming/games/pr?sid=4rr%2Cfa6&otracker=categorytree%2F&page=17,Doom,4.5,₹719
https://www.flipkart.com/gaming/games/pr?sid=4rr%2Cfa6&otracker=categorytree%2F&page=17,The Bureau ( Shooting Video Game ),4.6,₹314
https://www.flipkart.com/gaming/games/pr?sid=4rr%2Cfa6&otracker=categorytree%2F&page=17,Batman: Arkham City,3.5,"₹1,790"
https://www.flipkart.com/gaming/games/pr?sid=4rr%2Cfa6&otracker=categorytree%2F&page=17,Titanfall 2,4.6,₹899
https://www.flipkart.com/gaming/games/pr?sid=4rr%2Cfa6&otracker=categorytree%2F&page=17,Tennis World Tour,3,"₹4,990"
https://www.flipkart.com/gaming/games/pr?sid=4rr%2Cfa6&otracker=categorytree%2F&page=17,Destiny 2,4.6,₹629
https://www.flipkart.com/gaming/games/pr?sid=4rr%2Cfa6&otracker=categorytree%2F&page=17,EA Sports UFC 3,4.2,"₹1,990"
https://www.flipkart.com/gaming/games/pr?sid=4rr%2Cfa6&otracker=categorytree%2F&page=17,Shadow of the Colossus,4,"₹1,480"
https://www.flipkart.com/gaming/games/pr?sid=4rr%2Cfa6&otracker=categorytree%2F&page=17,BULLY FULL GAME PLAYSTATION 2 (PS2 ) (STANDARD),3.4,₹300
https://www.flipkart.com/gaming/games/pr?sid=4rr%2Cfa6&otracker=categorytree%2F&page=17,Wolfenstien : The New Order,4.7,"₹1,375"
https://www.flipkart.com/gaming/games/pr?sid=4rr%2Cfa6&otracker=categorytree%2F&page=17,Red Dead Redemption (Game of the Year Edition),4.6,"₹2,490"
https://www.flipkart.com/gaming/games/pr?sid=4rr%2Cfa6&otracker=categorytree%2F&page=17,Prince of Persia The Warrior Within & The Forgotten San...,4.6,₹350
https://www.flipkart.com/gaming/games/pr?sid=4rr%2Cfa6&otracker=categorytree%2F&page=17,GOD OF WAR (PLAYSTATION HITS),4.1,"₹1,100"
https://www.flipkart.com/gaming/games/pr?sid=4rr%2Cfa6&otracker=categorytree%2F&page=18,Watch Dogs,4.2,"₹1,990"
https://www.flipkart.com/gaming/games/pr?sid=4rr%2Cfa6&otracker=categorytree%2F&page=18,Euro Truck Simulator 2 - Italia,4.5,₹701
https://www.flipkart.com/gaming/games/pr?sid=4rr%2Cfa6&otracker=categorytree%2F&page=18,Hitman 2 Xbox One (Standard),4.5,"₹1,990"
https://www.flipkart.com/gaming/games/pr?sid=4rr%2Cfa6&otracker=categorytree%2F&page=18,Far Cry 3 / Far Cry 4,3,"₹2,490"
https://www.flipkart.com/gaming/games/pr?sid=4rr%2Cfa6&otracker=categorytree%2F&page=18,Need For Speed: Carbon (for PS3) (STANADRED),4.5,"₹1,210"
https://www.flipkart.com/gaming/games/pr?sid=4rr%2Cfa6&otracker=categorytree%2F&page=18,Syberia 3,4.6,₹800
https://www.flipkart.com/gaming/games/pr?sid=4rr%2Cfa6&otracker=categorytree%2F&page=18,Need for Speed Hot Pursuit,4.3,₹489
https://www.flipkart.com/gaming/games/pr?sid=4rr%2Cfa6&otracker=categorytree%2F&page=18,Shadow of the Tomb Raider,3.6,"₹2,399"
https://www.flipkart.com/gaming/games/pr?sid=4rr%2Cfa6&otracker=categorytree%2F&page=18,Final Fantasy XV,4.3,"₹2,490"
https://www.flipkart.com/gaming/games/pr?sid=4rr%2Cfa6&otracker=categorytree%2F&page=18,Titanfall 2 Key (PC),3.8,₹699
https://www.flipkart.com/gaming/games/pr?sid=4rr%2Cfa6&otracker=categorytree%2F&page=18,Sleeping Dogs (Definitive Edition),3.9,"₹1,710"
https://www.flipkart.com/gaming/games/pr?sid=4rr%2Cfa6&otracker=categorytree%2F&page=18,POP STATION GAME Freedom Edition with Game Add-On,4.4,₹544
https://www.flipkart.com/gaming/games/pr?sid=4rr%2Cfa6&otracker=categorytree%2F&page=18,FIFA 14 (STANDARD),3,₹699
https://www.flipkart.com/gaming/games/pr?sid=4rr%2Cfa6&otracker=categorytree%2F&page=18,The Division 2 (Washington D.C. Edition),4.4,"₹1,090"
https://www.flipkart.com/gaming/games/pr?sid=4rr%2Cfa6&otracker=categorytree%2F&page=18,Tom Clancy's The Division,3.8,₹990
https://www.flipkart.com/gaming/games/pr?sid=4rr%2Cfa6&otracker=categorytree%2F&page=18,Call Of Duty Ghosts for PS3 only,3.5,₹430
https://www.flipkart.com/gaming/games/pr?sid=4rr%2Cfa6&otracker=categorytree%2F&page=18,Cricket 19 PS4 Game (International Edition),4.2,"₹2,649"
https://www.flipkart.com/gaming/games/pr?sid=4rr%2Cfa6&otracker=categorytree%2F&page=18,Battlefield Hardline,4,₹850
https://www.flipkart.com/gaming/games/pr?sid=4rr%2Cfa6&otracker=categorytree%2F&page=18,Far Cry 4,3.8,"₹2,490"
https://www.flipkart.com/gaming/games/pr?sid=4rr%2Cfa6&otracker=categorytree%2F&page=18,FIFA 15 (Standard),4.6,₹899
https://www.flipkart.com/gaming/games/pr?sid=4rr%2Cfa6&otracker=categorytree%2F&page=18,Project Cars Limited Edition Limited Edition with Game ...,3.8,"₹1,987"
https://www.flipkart.com/gaming/games/pr?sid=4rr%2Cfa6&otracker=categorytree%2F&page=18,HITMAN 2 & IRONMAN PC GAME FOR PC (STANDARE),3.7,₹300
https://www.flipkart.com/gaming/games/pr?sid=4rr%2Cfa6&otracker=categorytree%2F&page=18,Mass Effect 3,3.8,₹715
https://www.flipkart.com/gaming/games/pr?sid=4rr%2Cfa6&otracker=categorytree%2F&page=18,Battlefield 3,3.1,₹449
https://www.flipkart.com/gaming/games/pr?sid=4rr%2Cfa6&otracker=categorytree%2F&page=18,Need for Speed The Run,4.4,₹799
https://www.flipkart.com/gaming/games/pr?sid=4rr%2Cfa6&otracker=categorytree%2F&page=18,Mortal Kombat,4.4,"₹2,490"
https://www.flipkart.com/gaming/games/pr?sid=4rr%2Cfa6&otracker=categorytree%2F&page=18,MotorStorm: Apocalypse (PLATINUM) (for PS3) (PLATINUM),3.5,₹950
https://www.flipkart.com/gaming/games/pr?sid=4rr%2Cfa6&otracker=categorytree%2F&page=18,Dragon Ball XenoVerse,3.5,"₹1,499"
https://www.flipkart.com/gaming/games/pr?sid=4rr%2Cfa6&otracker=categorytree%2F&page=18,Metal Gear: Survive,3.7,₹990
https://www.flipkart.com/gaming/games/pr?sid=4rr%2Cfa6&otracker=categorytree%2F&page=18,Prince of Persia Warrior Within & the sands of time com...,4.3,₹300
https://www.flipkart.com/gaming/games/pr?sid=4rr%2Cfa6&otracker=categorytree%2F&page=18,The Witcher 3: Wild Hunt (Game Of The Year Edition),4.4,"₹2,490"
https://www.flipkart.com/gaming/games/pr?sid=4rr%2Cfa6&otracker=categorytree%2F&page=18,DRAGONBALL XENOVERSE XBOX ONE,4.4,"₹1,790"
https://www.flipkart.com/gaming/games/pr?sid=4rr%2Cfa6&otracker=categorytree%2F&page=19,"Lords of the Fallen (Replen) Video Game – Import, 29 Se...",3.9,"₹2,599"
https://www.flipkart.com/gaming/games/pr?sid=4rr%2Cfa6&otracker=categorytree%2F&page=19,Sonic & Sega All - Stars Racing,4.2,"₹1,790"
https://www.flipkart.com/gaming/games/pr?sid=4rr%2Cfa6&otracker=categorytree%2F&page=19,Infamous (platinum),3.6,₹680
https://www.flipkart.com/gaming/games/pr?sid=4rr%2Cfa6&otracker=categorytree%2F&page=19,DEAD TO RIGHTS (OPEN WORLD),5,₹350
https://www.flipkart.com/gaming/games/pr?sid=4rr%2Cfa6&otracker=categorytree%2F&page=19,LEGO Harry Potter: Years 1-4,3.3,₹170
https://www.flipkart.com/gaming/games/pr?sid=4rr%2Cfa6&otracker=categorytree%2F&page=19,Assassin's Creed III Remastered,4.4,"₹2,590"
https://www.flipkart.com/gaming/games/pr?sid=4rr%2Cfa6&otracker=categorytree%2F&page=19,Downhill Domination (Standard),3.5,₹500
https://www.flipkart.com/gaming/games/pr?sid=4rr%2Cfa6&otracker=categorytree%2F&page=19,Uncharted: Golden Abyss (Ultimate Evil Edition),4.3,"₹4,999"
https://www.flipkart.com/gaming/games/pr?sid=4rr%2Cfa6&otracker=categorytree%2F&page=19,Witcher 3: Wild Hunt (Complete Edition),3.7,"₹2,190"
https://www.flipkart.com/gaming/games/pr?sid=4rr%2Cfa6&otracker=categorytree%2F&page=19,"Final Fantasy XIV: Heavensward Video Game – Import, 15 ...",5,"₹1,499"
https://www.flipkart.com/gaming/games/pr?sid=4rr%2Cfa6&otracker=categorytree%2F&page=19,Tom Clancy's Splinter Cell Conviction,4.5,₹629
https://www.flipkart.com/gaming/games/pr?sid=4rr%2Cfa6&otracker=categorytree%2F&page=19,Uncharted -The Nathan Drake Collection 3 in 1 (PlayStat...,3.8,"₹1,090"
https://www.flipkart.com/gaming/games/pr?sid=4rr%2Cfa6&otracker=categorytree%2F&page=19,Counter-Strike: Source game for PC ( 1 dvd in the box ),4.3,₹290
https://www.flipkart.com/gaming/games/pr?sid=4rr%2Cfa6&otracker=categorytree%2F&page=19,Battlefield 4 origin online,3.3,₹399
https://www.flipkart.com/gaming/games/pr?sid=4rr%2Cfa6&otracker=categorytree%2F&page=19,Transformers: Fall of Cybertron,4.4,₹999
https://www.flipkart.com/gaming/games/pr?sid=4rr%2Cfa6&otracker=categorytree%2F&page=19,Farcry 3 (Offline Only) (Regular),4.3,₹355
https://www.flipkart.com/gaming/games/pr?sid=4rr%2Cfa6&otracker=categorytree%2F&page=19,Lego : Marvel Avengers,4.7,"₹1,499"
https://www.flipkart.com/gaming/games/pr?sid=4rr%2Cfa6&otracker=categorytree%2F&page=19,Mount & Blade: With Fire & Sword,3.7,₹278
https://www.flipkart.com/gaming/games/pr?sid=4rr%2Cfa6&otracker=categorytree%2F&page=19,Assassin's Creed 2,4.1,₹404
https://www.flipkart.com/gaming/games/pr?sid=4rr%2Cfa6&otracker=categorytree%2F&page=19,mario + rabbids kingdom battle nintendo switch (2017),4.4,"₹2,499"
https://www.flipkart.com/gaming/games/pr?sid=4rr%2Cfa6&otracker=categorytree%2F&page=19,Control,3.9,"₹2,499"
https://www.flipkart.com/gaming/games/pr?sid=4rr%2Cfa6&otracker=categorytree%2F&page=19,Pro Evolution Soccer 2016 (for PS4),4.4,₹680
https://www.flipkart.com/gaming/games/pr?sid=4rr%2Cfa6&otracker=categorytree%2F&page=19,Left 4 Dead 2,4.2,₹224
https://www.flipkart.com/gaming/games/pr?sid=4rr%2Cfa6&otracker=categorytree%2F&page=19,Final Fantasy XV (Includes Steelbook) (Special Edition),4.1,"₹2,490"
https://www.flipkart.com/gaming/games/pr?sid=4rr%2Cfa6&otracker=categorytree%2F&page=19,Assassin's Creed IV: Black Flag,4.5,"₹1,190"
https://www.flipkart.com/gaming/games/pr?sid=4rr%2Cfa6&otracker=categorytree%2F&page=19,The Last of Us Part II,3.9,"₹3,499"
https://www.flipkart.com/gaming/games/pr?sid=4rr%2Cfa6&otracker=categorytree%2F&page=20,Nintendo Eshop Card $10 USD,4.7,"₹1,299"
https://www.flipkart.com/gaming/games/pr?sid=4rr%2Cfa6&otracker=categorytree%2F&page=20,Marvel’s Spider-Man: Miles Morales (Ultimate Edition),4.7,"₹4,599"
https://www.flipkart.com/gaming/games/pr?sid=4rr%2Cfa6&otracker=categorytree%2F&page=20,Just Cause : PC DVD ROM ) (2011),4.3,₹249
https://www.flipkart.com/gaming/games/pr?sid=4rr%2Cfa6&otracker=categorytree%2F&page=20,Batman : Arkham Knight,4.1,"₹1,590"
https://www.flipkart.com/gaming/games/pr?sid=4rr%2Cfa6&otracker=categorytree%2F&page=20,My Little Riding: Champion,4.4,"₹3,999"
https://www.flipkart.com/gaming/games/pr?sid=4rr%2Cfa6&otracker=categorytree%2F&page=20,FIFA 17 (Deluxe Edition),3.4,"₹1,990"
https://www.flipkart.com/gaming/games/pr?sid=4rr%2Cfa6&otracker=categorytree%2F&page=20,Batman Arkham Knight,4.4,"₹1,550"
https://www.flipkart.com/gaming/games/pr?sid=4rr%2Cfa6&otracker=categorytree%2F&page=20,Split Second Velocity (PC) By Disney,3.9,₹499
https://www.flipkart.com/gaming/games/pr?sid=4rr%2Cfa6&otracker=categorytree%2F&page=20,Grand Theft Auto V,4.5,"₹1,599"
https://www.flipkart.com/gaming/games/pr?sid=4rr%2Cfa6&otracker=categorytree%2F&page=20,Assassin's Creed II,4.3,₹999
https://www.flipkart.com/gaming/games/pr?sid=4rr%2Cfa6&otracker=categorytree%2F&page=20,Cyberpunk 2077 (PS4),4.5,"₹2,599"
https://www.flipkart.com/gaming/games/pr?sid=4rr%2Cfa6&otracker=categorytree%2F&page=20,Far cry new Dawn,4.2,"₹1,999"
https://www.flipkart.com/gaming/games/pr?sid=4rr%2Cfa6&otracker=categorytree%2F&page=20,XB1 Call Of Duty Modern Warfare Remastered (STD),4.3,"₹2,290"
https://www.flipkart.com/gaming/games/pr?sid=4rr%2Cfa6&otracker=categorytree%2F&page=20,Snow Moto Racing Freedom,3.6,"₹2,999"
https://www.flipkart.com/gaming/games/pr?sid=4rr%2Cfa6&otracker=categorytree%2F&page=20,Blazblue Cross Tag Battle,4.3,"₹3,420"
https://www.flipkart.com/gaming/games/pr?sid=4rr%2Cfa6&otracker=categorytree%2F&page=20,Rayman Legends,3,"₹1,790"
https://www.flipkart.com/gaming/games/pr?sid=4rr%2Cfa6&otracker=categorytree%2F&page=20,FIFA 19 (STANDARD),3.6,"₹1,090"
https://www.flipkart.com/gaming/games/pr?sid=4rr%2Cfa6&otracker=categorytree%2F&page=20,"Warhammer 40,000: Dawn of War II: Retribution - Chaos S...",3.2,₹135
https://www.flipkart.com/gaming/games/pr?sid=4rr%2Cfa6&otracker=categorytree%2F&page=20,Borderlands 3,4.2,"₹1,490"
https://www.flipkart.com/gaming/games/pr?sid=4rr%2Cfa6&otracker=categorytree%2F&page=20,FIFA 11,4.6,₹999
https://www.flipkart.com/gaming/games/pr?sid=4rr%2Cfa6&otracker=categorytree%2F&page=20,Metal Gear Solid 4: Guns Of The Patriots,4.5,"₹1,399"
https://www.flipkart.com/gaming/games/pr?sid=4rr%2Cfa6&otracker=categorytree%2F&page=20,Total Overdose & Evil Dead PC GAME FOR PC (STANDARD),3.2,₹350
https://www.flipkart.com/gaming/games/pr?sid=4rr%2Cfa6&otracker=categorytree%2F&page=20,PLAYERUNKNOWN'S BATTLEGROUNDS (PUBG) XBOX LIVE XBOX ONE...,3.4,₹809
https://www.flipkart.com/gaming/games/pr?sid=4rr%2Cfa6&otracker=categorytree%2F&page=20,Assassin Creed Triple Pack ( Unity Black + Flag+ syndic...,4.3,"₹1,499"
https://www.flipkart.com/gaming/games/pr?sid=4rr%2Cfa6&otracker=categorytree%2F&page=20,The Last of Us Part II (SPECIAL EDITION),3.2,"₹3,499"
https://www.flipkart.com/gaming/games/pr?sid=4rr%2Cfa6&otracker=categorytree%2F&page=20,Scooby Doo 2 : Monsters Unleashed,3.9,₹225
https://www.flipkart.com/gaming/games/pr?sid=4rr%2Cfa6&otracker=categorytree%2F&page=20,Team Sonic Racing,4.4,"₹2,490"
https://www.flipkart.com/gaming/games/pr?sid=4rr%2Cfa6&otracker=categorytree%2F&page=21,Destruction All Stars (PlayStation 5),4.2,"₹1,499"
https://www.flipkart.com/gaming/games/pr?sid=4rr%2Cfa6&otracker=categorytree%2F&page=21,Resistance - 3 [Essentials],3.9,₹999
https://www.flipkart.com/gaming/games/pr?sid=4rr%2Cfa6&otracker=categorytree%2F&page=21,NEED FOR SPEED-UNDERCOVER,4.4,₹790
https://www.flipkart.com/gaming/games/pr?sid=4rr%2Cfa6&otracker=categorytree%2F&page=21,ULTIMATE SPIDER-MAN (STANDARD),3.6,₹290
https://www.flipkart.com/gaming/games/pr?sid=4rr%2Cfa6&otracker=categorytree%2F&page=21,FIFA 21 Standard Edition with Free PS5 Upgrade (Standar...,3.5,"₹2,290"
https://www.flipkart.com/gaming/games/pr?sid=4rr%2Cfa6&otracker=categorytree%2F&page=21,Rise of the Tomb Raider (DVD),4.3,"₹1,790"
https://www.flipkart.com/gaming/games/pr?sid=4rr%2Cfa6&otracker=categorytree%2F&page=21,DiRT Showdown,3.8,₹359
https://www.flipkart.com/gaming/games/pr?sid=4rr%2Cfa6&otracker=categorytree%2F&page=21,Assassins Creed: Rogue Remastered (Remastered Edition),5,"₹1,399"
https://www.flipkart.com/gaming/games/pr?sid=4rr%2Cfa6&otracker=categorytree%2F&page=21,Gears of War (Ultimate Edition),3.9,₹899
https://www.flipkart.com/gaming/games/pr?sid=4rr%2Cfa6&otracker=categorytree%2F&page=21,Evolve,4.4,"₹1,999"
https://www.flipkart.com/gaming/games/pr?sid=4rr%2Cfa6&otracker=categorytree%2F&page=21,Battlefield 1,4.4,"₹1,190"
https://www.flipkart.com/gaming/games/pr?sid=4rr%2Cfa6&otracker=categorytree%2F&page=21,Batman: Arkham Asylum GOTY Game Of The Year Edition,3,₹225
https://www.flipkart.com/gaming/games/pr?sid=4rr%2Cfa6&otracker=categorytree%2F&page=21,GG Anthem Online,4.3,"₹1,199"
https://www.flipkart.com/gaming/games/pr?sid=4rr%2Cfa6&otracker=categorytree%2F&page=21,Prince of Persia Warrior Within,4.4,₹600
https://www.flipkart.com/gaming/games/pr?sid=4rr%2Cfa6&otracker=categorytree%2F&page=21,Need for Speed,4.4,"₹1,490"
https://www.flipkart.com/gaming/games/pr?sid=4rr%2Cfa6&otracker=categorytree%2F&page=21,The Evil Within,4.4,"₹1,290"
https://www.flipkart.com/gaming/games/pr?sid=4rr%2Cfa6&otracker=categorytree%2F&page=21,Ben 10,4.3,₹799
https://www.flipkart.com/gaming/games/pr?sid=4rr%2Cfa6&otracker=categorytree%2F&page=21,Nba 2K18 Standard Edition,3.8,₹999
https://www.flipkart.com/gaming/games/pr?sid=4rr%2Cfa6&otracker=categorytree%2F&page=21,WWE 2K18,4.9,"₹1,090"
https://www.flipkart.com/gaming/games/pr?sid=4rr%2Cfa6&otracker=categorytree%2F&page=21,Cyber punk 2077 Code Only,4.4,"₹2,899"
https://www.flipkart.com/gaming/games/pr?sid=4rr%2Cfa6&otracker=categorytree%2F&page=21,Robert Ludlum's The Bourne Conspiracy,4.1,"₹1,299"
https://www.flipkart.com/gaming/games/pr?sid=4rr%2Cfa6&otracker=categorytree%2F&page=21,EA sports UFC 3 (PS4),4.3,"₹1,990"
https://www.flipkart.com/gaming/games/pr?sid=4rr%2Cfa6&otracker=categorytree%2F&page=21,Mortal Kombat 11 Ultimate Edition (For PS5) (Ultimate E...,3.6,"₹3,275"
https://www.flipkart.com/gaming/games/pr?sid=4rr%2Cfa6&otracker=categorytree%2F&page=21,NBA 2K18,3.8,₹999
https://www.flipkart.com/gaming/games/pr?sid=4rr%2Cfa6&otracker=categorytree%2F&page=21,"Bound by Flame Video Game – Import, 9 May 2014 (Ultimat...",3.9,"₹1,349"
https://www.flipkart.com/gaming/games/pr?sid=4rr%2Cfa6&otracker=categorytree%2F&page=21,Mario Kart 8 (Nintendo Wii U) (Ultimate Evil Edition),3,"₹4,599"
https://www.flipkart.com/gaming/games/pr?sid=4rr%2Cfa6&otracker=categorytree%2F&page=22,Lego Marvel Collection - PlayStation 4 (Standard),4.5,"₹2,990"
https://www.flipkart.com/gaming/games/pr?sid=4rr%2Cfa6&otracker=categorytree%2F&page=22,World War Z CODE,4.5,"₹1,799"
https://www.flipkart.com/gaming/games/pr?sid=4rr%2Cfa6&otracker=categorytree%2F&page=22,Tom Clancy's Splinter Cell : Blacklist,4.5,₹899
https://www.flipkart.com/gaming/games/pr?sid=4rr%2Cfa6&otracker=categorytree%2F&page=22,Hitman 3 III (Standard),4.2,"₹4,490"
https://www.flipkart.com/gaming/games/pr?sid=4rr%2Cfa6&otracker=categorytree%2F&page=22,Halo 5: Guardians,3.6,"₹1,599"
https://www.flipkart.com/gaming/games/pr?sid=4rr%2Cfa6&otracker=categorytree%2F&page=22,Just Cause 3 (DVD),4.6,"₹1,490"
https://www.flipkart.com/gaming/games/pr?sid=4rr%2Cfa6&otracker=categorytree%2F&page=22,WWE 2K20 Code GG,4.8,"₹2,499"
https://www.flipkart.com/gaming/games/pr?sid=4rr%2Cfa6&otracker=categorytree%2F&page=22,Tom Clancy's: Rainbow Six Vegas 2,4.8,₹699
https://www.flipkart.com/gaming/games/pr?sid=4rr%2Cfa6&otracker=categorytree%2F&page=22,Assassin's Creed: Unity,4.3,"₹1,350"
https://www.flipkart.com/gaming/games/pr?sid=4rr%2Cfa6&otracker=categorytree%2F&page=22,Mafia II,3.7,₹290
https://www.flipkart.com/gaming/games/pr?sid=4rr%2Cfa6&otracker=categorytree%2F&page=22,Grand Theft Auto IV & Episodes From Liberty City (Compl...,4.3,"₹1,650"
https://www.flipkart.com/gaming/games/pr?sid=4rr%2Cfa6&otracker=categorytree%2F&page=22,ChessBase 16 (Email Version) Complete Edition,4.5,"₹3,799"
https://www.flipkart.com/gaming/games/pr?sid=4rr%2Cfa6&otracker=categorytree%2F&page=22,Batman : Arkham City [Essentials],4,₹888
https://www.flipkart.com/gaming/games/pr?sid=4rr%2Cfa6&otracker=categorytree%2F&page=22,Disney's Aladdin and The Lion King (Two Games),3.5,"₹2,490"
https://www.flipkart.com/gaming/games/pr?sid=4rr%2Cfa6&otracker=categorytree%2F&page=22,PS3 DEVIL MAY CRY 4,4.3,₹950
https://www.flipkart.com/gaming/games/pr?sid=4rr%2Cfa6&otracker=categorytree%2F&page=22,Resident Evil 3 Remake (PS4) (Standard),4,"₹2,990"
https://www.flipkart.com/gaming/games/pr?sid=4rr%2Cfa6&otracker=categorytree%2F&page=22,Far Cry 3 Blood Dragon,4.6,₹179
https://www.flipkart.com/gaming/games/pr?sid=4rr%2Cfa6&otracker=categorytree%2F&page=22,Battlefield : Bad Company 2 (DVD),4.3,"₹1,099"
https://www.flipkart.com/gaming/games/pr?sid=4rr%2Cfa6&otracker=categorytree%2F&page=22,MORTAL 4 KOMBAT PC GAME OFFLINE (STANDARD),3.8,₹290
https://www.flipkart.com/gaming/games/pr?sid=4rr%2Cfa6&otracker=categorytree%2F&page=22,FIFA 20 (Legacy Edition),3.9,"₹2,459"
https://www.flipkart.com/gaming/games/pr?sid=4rr%2Cfa6&otracker=categorytree%2F&page=22,Crysis 3 (Xbox 360 Edition),4.3,"₹1,190"
https://www.flipkart.com/gaming/games/pr?sid=4rr%2Cfa6&otracker=categorytree%2F&page=22,Harry Potter And The Half Blood Prince,4.6,"₹1,075"
https://www.flipkart.com/gaming/games/pr?sid=4rr%2Cfa6&otracker=categorytree%2F&page=22,Dead Space 3,3.6,"₹1,290"
https://www.flipkart.com/gaming/games/pr?sid=4rr%2Cfa6&otracker=categorytree%2F&page=22,DmC: Devil May Cry (Definitive Edition),3.5,"₹1,480"
https://www.flipkart.com/gaming/games/pr?sid=4rr%2Cfa6&otracker=categorytree%2F&page=22,Need For Speed: ProStreet game for pc ( 1 DVD in the bo...,4.3,₹350
https://www.flipkart.com/gaming/games/pr?sid=4rr%2Cfa6&otracker=categorytree%2F&page=22,Fifa 21,4.2,"₹2,499"
https://www.flipkart.com/gaming/games/pr?sid=4rr%2Cfa6&otracker=categorytree%2F&page=22,The Need for Speed: Most Wanted Origin,4.6,₹300
https://www.flipkart.com/gaming/games/pr?sid=4rr%2Cfa6&otracker=categorytree%2F&page=23,WWE 13 (for PS3) (for PS3),4.3,"₹1,589"
https://www.flipkart.com/gaming/games/pr?sid=4rr%2Cfa6&otracker=categorytree%2F&page=23,FIFA 10 (for PS3),4,₹470
https://www.flipkart.com/gaming/games/pr?sid=4rr%2Cfa6&otracker=categorytree%2F&page=23,NBA 2k14,4.3,₹899
https://www.flipkart.com/gaming/games/pr?sid=4rr%2Cfa6&otracker=categorytree%2F&page=23,Sonic Generations,4.4,₹399
https://www.flipkart.com/gaming/games/pr?sid=4rr%2Cfa6&otracker=categorytree%2F&page=23,Crysis 3,4.8,"₹1,299"
https://www.flipkart.com/gaming/games/pr?sid=4rr%2Cfa6&otracker=categorytree%2F&page=23,Far Cry Primal,4.8,"₹1,399"
https://www.flipkart.com/gaming/games/pr?sid=4rr%2Cfa6&otracker=categorytree%2F&page=23,Membership with Game and Season Pass,3.8,₹899
https://www.flipkart.com/gaming/games/pr?sid=4rr%2Cfa6&otracker=categorytree%2F&page=23,Street Fighter V 5 (PlayStation Hits),4.4,"₹1,790"
https://www.flipkart.com/gaming/games/pr?sid=4rr%2Cfa6&otracker=categorytree%2F&page=23,BATMAN ARKHAM COLLECTION PS4 GAME,4.5,"₹1,790"
https://www.flipkart.com/gaming/games/pr?sid=4rr%2Cfa6&otracker=categorytree%2F&page=23,Battlefield 1 & Battlefield 1943,4.2,₹749
https://www.flipkart.com/gaming/games/pr?sid=4rr%2Cfa6&otracker=categorytree%2F&page=23,Lego Jurassic World,4.2,"₹1,890"
https://www.flipkart.com/gaming/games/pr?sid=4rr%2Cfa6&otracker=categorytree%2F&page=23,98000 in 1 Video Games Plugs Into Any Tv for Instant Ga...,3.9,₹699
https://www.flipkart.com/gaming/games/pr?sid=4rr%2Cfa6&otracker=categorytree%2F&page=23,The Witcher 3 Wild Hunt Complete Edition (EU) (Standard...,4.4,"₹4,999"
https://www.flipkart.com/gaming/games/pr?sid=4rr%2Cfa6&otracker=categorytree%2F&page=23,Naruto To Boruto: Shinobi Striker,3.8,"₹1,768"
https://www.flipkart.com/gaming/games/pr?sid=4rr%2Cfa6&otracker=categorytree%2F&page=23,MARVEL'S AVENGERS DELUXE EDITION (DELUXE EDITION),3,"₹3,290"
https://www.flipkart.com/gaming/games/pr?sid=4rr%2Cfa6&otracker=categorytree%2F&page=23,Beyond: Two Souls,4.5,"₹1,590"
https://www.flipkart.com/gaming/games/pr?sid=4rr%2Cfa6&otracker=categorytree%2F&page=23,BATTLEFIELD 4 (PREMIUM EDITION),4.1,"₹2,290"
https://www.flipkart.com/gaming/games/pr?sid=4rr%2Cfa6&otracker=categorytree%2F&page=23,Battlefield 4 - Standard Edition (Xbox One) (Ultimate E...,4.3,"₹2,249"
https://www.flipkart.com/gaming/games/pr?sid=4rr%2Cfa6&otracker=categorytree%2F&page=23,PS5 Assassin's Creed Valhalla,4,"₹3,990"
https://www.flipkart.com/gaming/games/pr?sid=4rr%2Cfa6&otracker=categorytree%2F&page=23,StarCraft II: Battle Chest,4.4,"₹1,475"
https://www.flipkart.com/gaming/games/pr?sid=4rr%2Cfa6&otracker=categorytree%2F&page=23,Minecraft Dungeons Hero Edition,3.6,"₹2,799"
https://www.flipkart.com/gaming/games/pr?sid=4rr%2Cfa6&otracker=categorytree%2F&page=23,Strange Brigade,4,"₹1,990"
https://www.flipkart.com/gaming/games/pr?sid=4rr%2Cfa6&otracker=categorytree%2F&page=23,Forza Motorsport 7 Win 10,3.9,"₹3,499"
https://www.flipkart.com/gaming/games/pr?sid=4rr%2Cfa6&otracker=categorytree%2F&page=23,Gears Of War,4.3,₹949
https://www.flipkart.com/gaming/games/pr?sid=4rr%2Cfa6&otracker=categorytree%2F&page=23,Days Gone (Standard Edition) (PS4),4.5,"₹1,645"
https://www.flipkart.com/gaming/games/pr?sid=4rr%2Cfa6&otracker=categorytree%2F&page=23,Wolfenstein: The New Order,4.1,"₹1,490"
https://www.flipkart.com/gaming/games/pr?sid=4rr%2Cfa6&otracker=categorytree%2F&page=24,RESIDENT EVIL 6 (standard),3.4,₹850
https://www.flipkart.com/gaming/games/pr?sid=4rr%2Cfa6&otracker=categorytree%2F&page=24,Cricket Captain 2019,4.3,₹599
https://www.flipkart.com/gaming/games/pr?sid=4rr%2Cfa6&otracker=categorytree%2F&page=24,Live Arcade Unplugged,4.2,"₹1,199"
https://www.flipkart.com/gaming/games/pr?sid=4rr%2Cfa6&otracker=categorytree%2F&page=24,Call of Duty: Advanced Warfare,3.1,"₹1,791"
https://www.flipkart.com/gaming/games/pr?sid=4rr%2Cfa6&otracker=categorytree%2F&page=24,Batman: Arkham Origins Blackgate,4.4,"₹2,499"
https://www.flipkart.com/gaming/games/pr?sid=4rr%2Cfa6&otracker=categorytree%2F&page=24,"MORTAL 4 KOMBAT, PLANET ALPHA, TOMB RAIDER, ULTIMATE SP...",4.3,₹350
https://www.flipkart.com/gaming/games/pr?sid=4rr%2Cfa6&otracker=categorytree%2F&page=24,Michael Jackson The Experience,4.4,₹899
https://www.flipkart.com/gaming/games/pr?sid=4rr%2Cfa6&otracker=categorytree%2F&page=24,Move Street Cricket,3.7,₹999
https://www.flipkart.com/gaming/games/pr?sid=4rr%2Cfa6&otracker=categorytree%2F&page=24,"Warhammer 40,000: Dawn of War III",3.3,"₹1,299"
https://www.flipkart.com/gaming/games/pr?sid=4rr%2Cfa6&otracker=categorytree%2F&page=24,Catherine Full Body (PS4) (Atlus),4.3,"₹2,990"
https://www.flipkart.com/gaming/games/pr?sid=4rr%2Cfa6&otracker=categorytree%2F&page=24,Socom U.S. Navy Seals Fireteam Bravo (U.S. Import),4.3,₹799
https://www.flipkart.com/gaming/games/pr?sid=4rr%2Cfa6&otracker=categorytree%2F&page=24,MORTAL KOMBAT 11 PS4 GAME,3.3,"₹1,490"
https://www.flipkart.com/gaming/games/pr?sid=4rr%2Cfa6&otracker=categorytree%2F&page=24,ARK: Survival Evolved Code,3.8,"₹1,879"
https://www.flipkart.com/gaming/games/pr?sid=4rr%2Cfa6&otracker=categorytree%2F&page=24,Assassins Creed Unity Xbox One Download Code Only (NO C...,4.4,₹329
https://www.flipkart.com/gaming/games/pr?sid=4rr%2Cfa6&otracker=categorytree%2F&page=24,Sonic Boom Fire and Ice - Launch Edition - With Bonus D...,3.7,"₹5,999"
https://www.flipkart.com/gaming/games/pr?sid=4rr%2Cfa6&otracker=categorytree%2F&page=24,FIFA 20 GG,4.6,"₹1,299"
https://www.flipkart.com/gaming/games/pr?sid=4rr%2Cfa6&otracker=categorytree%2F&page=24,Call Of Duty: Black Ops Declassified,3.8,"₹2,490"
https://www.flipkart.com/gaming/games/pr?sid=4rr%2Cfa6&otracker=categorytree%2F&page=24,The Elder Scrolls IV : Oblivion,3.9,₹999
https://www.flipkart.com/gaming/games/pr?sid=4rr%2Cfa6&otracker=categorytree%2F&page=24,Pro Evolution Soccer 2019,4.5,"₹1,390"
https://www.flipkart.com/gaming/games/pr?sid=4rr%2Cfa6&otracker=categorytree%2F&page=24,Mafia III (Deluxe Edition),4.3,"₹2,290"
https://www.flipkart.com/gaming/games/pr?sid=4rr%2Cfa6&otracker=categorytree%2F&page=24,SHIFT 2 UNLEASHED,4.6,₹287
https://www.flipkart.com/gaming/games/pr?sid=4rr%2Cfa6&otracker=categorytree%2F&page=24,Playstation Network Collection : (3 games in 1 ) syphon...,4.2,₹849
https://www.flipkart.com/gaming/games/pr?sid=4rr%2Cfa6&otracker=categorytree%2F&page=24,FarCry & Evil Dead PC GAME FOR PC (STANDARD),3.3,₹300
https://www.flipkart.com/gaming/games/pr?sid=4rr%2Cfa6&otracker=categorytree%2F&page=24,Command & Conquer Ultimate Collection EA,3.3,₹647
https://www.flipkart.com/gaming/games/pr?sid=4rr%2Cfa6&otracker=categorytree%2F&page=25,Xcom Enemy Unknown (Standard),4.8,"₹1,099"
https://www.flipkart.com/gaming/games/pr?sid=4rr%2Cfa6&otracker=categorytree%2F&page=25,Back to the Future: The Game,4.7,₹350
https://www.flipkart.com/gaming/games/pr?sid=4rr%2Cfa6&otracker=categorytree%2F&page=25,MotoGP 15,4.6,₹530
https://www.flipkart.com/gaming/games/pr?sid=4rr%2Cfa6&otracker=categorytree%2F&page=25,Clubics 620 Video Games with 30 Motion Games in One Gam...,4.4,"₹2,199"
https://www.flipkart.com/gaming/games/pr?sid=4rr%2Cfa6&otracker=categorytree%2F&page=25,The Crew 2 PS4 Game (Standard),4.3,"₹1,499"
https://www.flipkart.com/gaming/games/pr?sid=4rr%2Cfa6&otracker=categorytree%2F&page=25,Farcry 3 and Resident Evil 6 Top Two Action Game Combo ...,3.3,₹605
https://www.flipkart.com/gaming/games/pr?sid=4rr%2Cfa6&otracker=categorytree%2F&page=25,FIFA 20 Champions Edition (Champions Edition (Region 2 ...,3.6,"₹5,999"
https://www.flipkart.com/gaming/games/pr?sid=4rr%2Cfa6&otracker=categorytree%2F&page=25,DOOM Eternal Code,4.6,"₹2,199"
https://www.flipkart.com/gaming/games/pr?sid=4rr%2Cfa6&otracker=categorytree%2F&page=25,Wolfenstein: The Old Blood,3.5,₹494
https://www.flipkart.com/gaming/games/pr?sid=4rr%2Cfa6&otracker=categorytree%2F&page=25,Titanfall 2,4.3,"₹2,299"
https://www.flipkart.com/gaming/games/pr?sid=4rr%2Cfa6&otracker=categorytree%2F&page=25,LEGO Marvel Collection PS4 (ONLINE),3,"₹2,990"
https://www.flipkart.com/gaming/games/pr?sid=4rr%2Cfa6&otracker=categorytree%2F&page=25,"620 TV Video Game 1 GB with Super Mario, Contra Limited...",3.6,"₹1,299"
https://www.flipkart.com/gaming/games/pr?sid=4rr%2Cfa6&otracker=categorytree%2F&page=25,Gears 5 Code,3.5,"₹1,499"
https://www.flipkart.com/gaming/games/pr?sid=4rr%2Cfa6&otracker=categorytree%2F&page=25,Mass Effect Trilogy,3.5,"₹1,490"
https://www.flipkart.com/gaming/games/pr?sid=4rr%2Cfa6&otracker=categorytree%2F&page=25,Injustice Gods Among Us - Ultimate Edition (DVD),4,₹999
https://www.flipkart.com/gaming/games/pr?sid=4rr%2Cfa6&otracker=categorytree%2F&page=25,Age Of Mythology (Gold Edition),3.3,₹849
https://www.flipkart.com/gaming/games/pr?sid=4rr%2Cfa6&otracker=categorytree%2F&page=25,Spyro Reignited Trilogy PS4 (Standard),3.6,"₹2,299"
https://www.flipkart.com/gaming/games/pr?sid=4rr%2Cfa6&otracker=categorytree%2F&page=25,Fifa 10 - platinum For [ PS3 ] (STANDARED),3.5,₹560
https://www.flipkart.com/gaming/games/pr?sid=4rr%2Cfa6&otracker=categorytree%2F&page=25,Far Cry,3.6,₹386
https://www.flipkart.com/gaming/games/pr?sid=4rr%2Cfa6&otracker=categorytree%2F&page=25,Minecraft: Favorites Pack (Xbox One Edition),3.5,"₹2,789"
